ID,Pop,SuperPop
HG01879,ACB,AFR
HG01880,ACB,AFR
HG01882,ACB,AFR
HG01883,ACB,AFR
HG01885,ACB,AFR
HG01886,ACB,AFR
HG01889,ACB,AFR
HG01890,ACB,AFR
HG01894,ACB,AFR
HG01896,ACB,AFR
HG01912,ACB,AFR
HG01914,ACB,AFR
HG01915,ACB,AFR
HG01956,ACB,AFR
HG01958,ACB,AFR
HG01985,ACB,AFR
HG01986,ACB,AFR
HG01988,ACB,AFR
HG01989,ACB,AFR
HG01990,ACB,AFR
HG02009,ACB,AFR
HG02010,ACB,AFR
HG02012,ACB,AFR
HG02013,ACB,AFR
HG02014,ACB,AFR
HG02051,ACB,AFR
HG02052,ACB,AFR
HG02053,ACB,AFR
HG02054,ACB,AFR
HG02095,ACB,AFR
HG02107,ACB,AFR
HG02108,ACB,AFR
HG02111,ACB,AFR
HG02143,ACB,AFR
HG02144,ACB,AFR
HG02255,ACB,AFR
HG02256,ACB,AFR
HG02281,ACB,AFR
HG02282,ACB,AFR
HG02283,ACB,AFR
HG02284,ACB,AFR
HG02307,ACB,AFR
HG02308,ACB,AFR
HG02309,ACB,AFR
HG02314,ACB,AFR
HG02315,ACB,AFR
HG02317,ACB,AFR
HG02318,ACB,AFR
HG02322,ACB,AFR
HG02323,ACB,AFR
HG02325,ACB,AFR
HG02330,ACB,AFR
HG02332,ACB,AFR
HG02334,ACB,AFR
HG02337,ACB,AFR
HG02339,ACB,AFR
HG02343,ACB,AFR
HG02419,ACB,AFR
HG02420,ACB,AFR
HG02427,ACB,AFR
HG02429,ACB,AFR
HG02433,ACB,AFR
HG02439,ACB,AFR
HG02442,ACB,AFR
HG02445,ACB,AFR
HG02449,ACB,AFR
HG02450,ACB,AFR
HG02455,ACB,AFR
HG02470,ACB,AFR
HG02471,ACB,AFR
HG02476,ACB,AFR
HG02477,ACB,AFR
HG02479,ACB,AFR
HG02481,ACB,AFR
HG02484,ACB,AFR
HG02485,ACB,AFR
HG02489,ACB,AFR
HG02496,ACB,AFR
HG02497,ACB,AFR
HG02501,ACB,AFR
HG02502,ACB,AFR
HG02505,ACB,AFR
HG02508,ACB,AFR
HG02511,ACB,AFR
HG02536,ACB,AFR
HG02537,ACB,AFR
HG02541,ACB,AFR
HG02545,ACB,AFR
HG02546,ACB,AFR
HG02549,ACB,AFR
HG02554,ACB,AFR
HG02555,ACB,AFR
HG02557,ACB,AFR
HG02558,ACB,AFR
HG02577,ACB,AFR
HG02580,ACB,AFR
NA19625,ASW,AFR
NA19700,ASW,AFR
NA19701,ASW,AFR
NA19703,ASW,AFR
NA19704,ASW,AFR
NA19707,ASW,AFR
NA19711,ASW,AFR
NA19712,ASW,AFR
NA19713,ASW,AFR
NA19818,ASW,AFR
NA19819,ASW,AFR
NA19834,ASW,AFR
NA19835,ASW,AFR
NA19900,ASW,AFR
NA19901,ASW,AFR
NA19904,ASW,AFR
NA19908,ASW,AFR
NA19909,ASW,AFR
NA19913,ASW,AFR
NA19914,ASW,AFR
NA19916,ASW,AFR
NA19917,ASW,AFR
NA19920,ASW,AFR
NA19921,ASW,AFR
NA19922,ASW,AFR
NA19923,ASW,AFR
NA19982,ASW,AFR
NA19984,ASW,AFR
NA20126,ASW,AFR
NA20127,ASW,AFR
NA20274,ASW,AFR
NA20276,ASW,AFR
NA20278,ASW,AFR
NA20281,ASW,AFR
NA20282,ASW,AFR
NA20287,ASW,AFR
NA20289,ASW,AFR
NA20291,ASW,AFR
NA20294,ASW,AFR
NA20296,ASW,AFR
NA20298,ASW,AFR
NA20299,ASW,AFR
NA20314,ASW,AFR
NA20317,ASW,AFR
NA20318,ASW,AFR
NA20320,ASW,AFR
NA20321,ASW,AFR
NA20332,ASW,AFR
NA20334,ASW,AFR
NA20339,ASW,AFR
NA20340,ASW,AFR
NA20342,ASW,AFR
NA20346,ASW,AFR
NA20348,ASW,AFR
NA20351,ASW,AFR
NA20355,ASW,AFR
NA20356,ASW,AFR
NA20357,ASW,AFR
NA20359,ASW,AFR
NA20362,ASW,AFR
NA20412,ASW,AFR
HG02922,ESN,AFR
HG02923,ESN,AFR
HG02938,ESN,AFR
HG02941,ESN,AFR
HG02943,ESN,AFR
HG02944,ESN,AFR
HG02946,ESN,AFR
HG02947,ESN,AFR
HG02952,ESN,AFR
HG02953,ESN,AFR
HG02968,ESN,AFR
HG02970,ESN,AFR
HG02971,ESN,AFR
HG02973,ESN,AFR
HG02974,ESN,AFR
HG02976,ESN,AFR
HG02977,ESN,AFR
HG02979,ESN,AFR
HG02981,ESN,AFR
HG03099,ESN,AFR
HG03100,ESN,AFR
HG03103,ESN,AFR
HG03105,ESN,AFR
HG03108,ESN,AFR
HG03109,ESN,AFR
HG03111,ESN,AFR
HG03112,ESN,AFR
HG03114,ESN,AFR
HG03115,ESN,AFR
HG03117,ESN,AFR
HG03118,ESN,AFR
HG03120,ESN,AFR
HG03121,ESN,AFR
HG03123,ESN,AFR
HG03124,ESN,AFR
HG03126,ESN,AFR
HG03127,ESN,AFR
HG03129,ESN,AFR
HG03130,ESN,AFR
HG03132,ESN,AFR
HG03133,ESN,AFR
HG03135,ESN,AFR
HG03136,ESN,AFR
HG03139,ESN,AFR
HG03157,ESN,AFR
HG03159,ESN,AFR
HG03160,ESN,AFR
HG03162,ESN,AFR
HG03163,ESN,AFR
HG03166,ESN,AFR
HG03168,ESN,AFR
HG03169,ESN,AFR
HG03172,ESN,AFR
HG03175,ESN,AFR
HG03189,ESN,AFR
HG03190,ESN,AFR
HG03193,ESN,AFR
HG03195,ESN,AFR
HG03196,ESN,AFR
HG03198,ESN,AFR
HG03199,ESN,AFR
HG03202,ESN,AFR
HG03265,ESN,AFR
HG03267,ESN,AFR
HG03268,ESN,AFR
HG03270,ESN,AFR
HG03271,ESN,AFR
HG03279,ESN,AFR
HG03280,ESN,AFR
HG03291,ESN,AFR
HG03294,ESN,AFR
HG03295,ESN,AFR
HG03297,ESN,AFR
HG03298,ESN,AFR
HG03300,ESN,AFR
HG03301,ESN,AFR
HG03303,ESN,AFR
HG03304,ESN,AFR
HG03311,ESN,AFR
HG03313,ESN,AFR
HG03342,ESN,AFR
HG03343,ESN,AFR
HG03351,ESN,AFR
HG03352,ESN,AFR
HG03354,ESN,AFR
HG03363,ESN,AFR
HG03366,ESN,AFR
HG03367,ESN,AFR
HG03369,ESN,AFR
HG03370,ESN,AFR
HG03372,ESN,AFR
HG03499,ESN,AFR
HG03511,ESN,AFR
HG03514,ESN,AFR
HG03515,ESN,AFR
HG03517,ESN,AFR
HG03518,ESN,AFR
HG03520,ESN,AFR
HG03521,ESN,AFR
HG02461,GWD,AFR
HG02462,GWD,AFR
HG02464,GWD,AFR
HG02465,GWD,AFR
HG02561,GWD,AFR
HG02562,GWD,AFR
HG02568,GWD,AFR
HG02570,GWD,AFR
HG02571,GWD,AFR
HG02573,GWD,AFR
HG02574,GWD,AFR
HG02582,GWD,AFR
HG02583,GWD,AFR
HG02585,GWD,AFR
HG02586,GWD,AFR
HG02588,GWD,AFR
HG02589,GWD,AFR
HG02594,GWD,AFR
HG02595,GWD,AFR
HG02610,GWD,AFR
HG02611,GWD,AFR
HG02613,GWD,AFR
HG02614,GWD,AFR
HG02620,GWD,AFR
HG02621,GWD,AFR
HG02623,GWD,AFR
HG02624,GWD,AFR
HG02628,GWD,AFR
HG02629,GWD,AFR
HG02634,GWD,AFR
HG02635,GWD,AFR
HG02642,GWD,AFR
HG02643,GWD,AFR
HG02645,GWD,AFR
HG02646,GWD,AFR
HG02666,GWD,AFR
HG02667,GWD,AFR
HG02675,GWD,AFR
HG02676,GWD,AFR
HG02678,GWD,AFR
HG02679,GWD,AFR
HG02702,GWD,AFR
HG02703,GWD,AFR
HG02715,GWD,AFR
HG02716,GWD,AFR
HG02721,GWD,AFR
HG02722,GWD,AFR
HG02756,GWD,AFR
HG02757,GWD,AFR
HG02759,GWD,AFR
HG02760,GWD,AFR
HG02763,GWD,AFR
HG02768,GWD,AFR
HG02769,GWD,AFR
HG02771,GWD,AFR
HG02772,GWD,AFR
HG02798,GWD,AFR
HG02799,GWD,AFR
HG02804,GWD,AFR
HG02805,GWD,AFR
HG02807,GWD,AFR
HG02808,GWD,AFR
HG02810,GWD,AFR
HG02811,GWD,AFR
HG02813,GWD,AFR
HG02814,GWD,AFR
HG02816,GWD,AFR
HG02817,GWD,AFR
HG02819,GWD,AFR
HG02820,GWD,AFR
HG02836,GWD,AFR
HG02837,GWD,AFR
HG02839,GWD,AFR
HG02840,GWD,AFR
HG02851,GWD,AFR
HG02852,GWD,AFR
HG02854,GWD,AFR
HG02855,GWD,AFR
HG02860,GWD,AFR
HG02861,GWD,AFR
HG02870,GWD,AFR
HG02878,GWD,AFR
HG02879,GWD,AFR
HG02881,GWD,AFR
HG02882,GWD,AFR
HG02884,GWD,AFR
HG02885,GWD,AFR
HG02887,GWD,AFR
HG02888,GWD,AFR
HG02890,GWD,AFR
HG02891,GWD,AFR
HG02895,GWD,AFR
HG02896,GWD,AFR
HG02982,GWD,AFR
HG02983,GWD,AFR
HG03024,GWD,AFR
HG03025,GWD,AFR
HG03027,GWD,AFR
HG03028,GWD,AFR
HG03039,GWD,AFR
HG03040,GWD,AFR
HG03045,GWD,AFR
HG03046,GWD,AFR
HG03048,GWD,AFR
HG03049,GWD,AFR
HG03240,GWD,AFR
HG03241,GWD,AFR
HG03246,GWD,AFR
HG03247,GWD,AFR
HG03258,GWD,AFR
HG03259,GWD,AFR
HG03538,GWD,AFR
HG03539,GWD,AFR
NA19017,LWK,AFR
NA19019,LWK,AFR
NA19020,LWK,AFR
NA19023,LWK,AFR
NA19024,LWK,AFR
NA19025,LWK,AFR
NA19026,LWK,AFR
NA19027,LWK,AFR
NA19028,LWK,AFR
NA19030,LWK,AFR
NA19031,LWK,AFR
NA19035,LWK,AFR
NA19036,LWK,AFR
NA19037,LWK,AFR
NA19038,LWK,AFR
NA19041,LWK,AFR
NA19042,LWK,AFR
NA19043,LWK,AFR
NA19307,LWK,AFR
NA19308,LWK,AFR
NA19309,LWK,AFR
NA19310,LWK,AFR
NA19312,LWK,AFR
NA19314,LWK,AFR
NA19315,LWK,AFR
NA19316,LWK,AFR
NA19317,LWK,AFR
NA19318,LWK,AFR
NA19319,LWK,AFR
NA19320,LWK,AFR
NA19321,LWK,AFR
NA19323,LWK,AFR
NA19324,LWK,AFR
NA19327,LWK,AFR
NA19328,LWK,AFR
NA19331,LWK,AFR
NA19332,LWK,AFR
NA19334,LWK,AFR
NA19338,LWK,AFR
NA19346,LWK,AFR
NA19347,LWK,AFR
NA19350,LWK,AFR
NA19351,LWK,AFR
NA19355,LWK,AFR
NA19360,LWK,AFR
NA19372,LWK,AFR
NA19374,LWK,AFR
NA19375,LWK,AFR
NA19376,LWK,AFR
NA19377,LWK,AFR
NA19378,LWK,AFR
NA19379,LWK,AFR
NA19380,LWK,AFR
NA19383,LWK,AFR
NA19384,LWK,AFR
NA19385,LWK,AFR
NA19390,LWK,AFR
NA19391,LWK,AFR
NA19393,LWK,AFR
NA19394,LWK,AFR
NA19395,LWK,AFR
NA19397,LWK,AFR
NA19399,LWK,AFR
NA19401,LWK,AFR
NA19403,LWK,AFR
NA19404,LWK,AFR
NA19428,LWK,AFR
NA19429,LWK,AFR
NA19430,LWK,AFR
NA19431,LWK,AFR
NA19434,LWK,AFR
NA19435,LWK,AFR
NA19436,LWK,AFR
NA19437,LWK,AFR
NA19438,LWK,AFR
NA19439,LWK,AFR
NA19440,LWK,AFR
NA19443,LWK,AFR
NA19445,LWK,AFR
NA19446,LWK,AFR
NA19448,LWK,AFR
NA19449,LWK,AFR
NA19451,LWK,AFR
NA19452,LWK,AFR
NA19454,LWK,AFR
NA19455,LWK,AFR
NA19456,LWK,AFR
NA19457,LWK,AFR
NA19461,LWK,AFR
NA19462,LWK,AFR
NA19463,LWK,AFR
NA19466,LWK,AFR
NA19467,LWK,AFR
NA19468,LWK,AFR
NA19471,LWK,AFR
NA19472,LWK,AFR
NA19473,LWK,AFR
NA19474,LWK,AFR
NA19475,LWK,AFR
HG03052,MSL,AFR
HG03054,MSL,AFR
HG03055,MSL,AFR
HG03057,MSL,AFR
HG03058,MSL,AFR
HG03060,MSL,AFR
HG03061,MSL,AFR
HG03063,MSL,AFR
HG03064,MSL,AFR
HG03066,MSL,AFR
HG03069,MSL,AFR
HG03072,MSL,AFR
HG03073,MSL,AFR
HG03074,MSL,AFR
HG03077,MSL,AFR
HG03078,MSL,AFR
HG03079,MSL,AFR
HG03081,MSL,AFR
HG03082,MSL,AFR
HG03084,MSL,AFR
HG03085,MSL,AFR
HG03086,MSL,AFR
HG03088,MSL,AFR
HG03091,MSL,AFR
HG03095,MSL,AFR
HG03096,MSL,AFR
HG03097,MSL,AFR
HG03209,MSL,AFR
HG03212,MSL,AFR
HG03224,MSL,AFR
HG03225,MSL,AFR
HG03376,MSL,AFR
HG03378,MSL,AFR
HG03380,MSL,AFR
HG03382,MSL,AFR
HG03385,MSL,AFR
HG03388,MSL,AFR
HG03391,MSL,AFR
HG03394,MSL,AFR
HG03397,MSL,AFR
HG03401,MSL,AFR
HG03410,MSL,AFR
HG03419,MSL,AFR
HG03428,MSL,AFR
HG03432,MSL,AFR
HG03433,MSL,AFR
HG03436,MSL,AFR
HG03437,MSL,AFR
HG03439,MSL,AFR
HG03442,MSL,AFR
HG03445,MSL,AFR
HG03446,MSL,AFR
HG03449,MSL,AFR
HG03451,MSL,AFR
HG03452,MSL,AFR
HG03455,MSL,AFR
HG03457,MSL,AFR
HG03458,MSL,AFR
HG03460,MSL,AFR
HG03461,MSL,AFR
HG03464,MSL,AFR
HG03469,MSL,AFR
HG03470,MSL,AFR
HG03472,MSL,AFR
HG03473,MSL,AFR
HG03476,MSL,AFR
HG03478,MSL,AFR
HG03479,MSL,AFR
HG03484,MSL,AFR
HG03485,MSL,AFR
HG03547,MSL,AFR
HG03548,MSL,AFR
HG03556,MSL,AFR
HG03557,MSL,AFR
HG03558,MSL,AFR
HG03559,MSL,AFR
HG03563,MSL,AFR
HG03565,MSL,AFR
HG03567,MSL,AFR
HG03571,MSL,AFR
HG03572,MSL,AFR
HG03575,MSL,AFR
HG03577,MSL,AFR
HG03578,MSL,AFR
HG03583,MSL,AFR
NA18486,YRI,AFR
NA18488,YRI,AFR
NA18489,YRI,AFR
NA18498,YRI,AFR
NA18499,YRI,AFR
NA18501,YRI,AFR
NA18502,YRI,AFR
NA18504,YRI,AFR
NA18505,YRI,AFR
NA18507,YRI,AFR
NA18508,YRI,AFR
NA18510,YRI,AFR
NA18511,YRI,AFR
NA18516,YRI,AFR
NA18517,YRI,AFR
NA18519,YRI,AFR
NA18520,YRI,AFR
NA18522,YRI,AFR
NA18523,YRI,AFR
NA18853,YRI,AFR
NA18856,YRI,AFR
NA18858,YRI,AFR
NA18861,YRI,AFR
NA18864,YRI,AFR
NA18865,YRI,AFR
NA18867,YRI,AFR
NA18868,YRI,AFR
NA18870,YRI,AFR
NA18871,YRI,AFR
NA18873,YRI,AFR
NA18874,YRI,AFR
NA18876,YRI,AFR
NA18877,YRI,AFR
NA18878,YRI,AFR
NA18879,YRI,AFR
NA18881,YRI,AFR
NA18907,YRI,AFR
NA18908,YRI,AFR
NA18909,YRI,AFR
NA18910,YRI,AFR
NA18912,YRI,AFR
NA18915,YRI,AFR
NA18916,YRI,AFR
NA18917,YRI,AFR
NA18923,YRI,AFR
NA18924,YRI,AFR
NA18933,YRI,AFR
NA18934,YRI,AFR
NA19092,YRI,AFR
NA19093,YRI,AFR
NA19095,YRI,AFR
NA19096,YRI,AFR
NA19098,YRI,AFR
NA19099,YRI,AFR
NA19102,YRI,AFR
NA19107,YRI,AFR
NA19108,YRI,AFR
NA19113,YRI,AFR
NA19114,YRI,AFR
NA19116,YRI,AFR
NA19117,YRI,AFR
NA19118,YRI,AFR
NA19119,YRI,AFR
NA19121,YRI,AFR
NA19129,YRI,AFR
NA19130,YRI,AFR
NA19131,YRI,AFR
NA19137,YRI,AFR
NA19138,YRI,AFR
NA19141,YRI,AFR
NA19143,YRI,AFR
NA19144,YRI,AFR
NA19146,YRI,AFR
NA19147,YRI,AFR
NA19149,YRI,AFR
NA19152,YRI,AFR
NA19153,YRI,AFR
NA19159,YRI,AFR
NA19160,YRI,AFR
NA19171,YRI,AFR
NA19172,YRI,AFR
NA19175,YRI,AFR
NA19184,YRI,AFR
NA19185,YRI,AFR
NA19189,YRI,AFR
NA19190,YRI,AFR
NA19197,YRI,AFR
NA19198,YRI,AFR
NA19200,YRI,AFR
NA19201,YRI,AFR
NA19204,YRI,AFR
NA19206,YRI,AFR
NA19207,YRI,AFR
NA19209,YRI,AFR
NA19210,YRI,AFR
NA19213,YRI,AFR
NA19214,YRI,AFR
NA19222,YRI,AFR
NA19223,YRI,AFR
NA19225,YRI,AFR
NA19235,YRI,AFR
NA19236,YRI,AFR
NA19238,YRI,AFR
NA19239,YRI,AFR
NA19247,YRI,AFR
NA19248,YRI,AFR
NA19256,YRI,AFR
NA19257,YRI,AFR
HG01112,CLM,AMR
HG01113,CLM,AMR
HG01119,CLM,AMR
HG01121,CLM,AMR
HG01122,CLM,AMR
HG01124,CLM,AMR
HG01125,CLM,AMR
HG01130,CLM,AMR
HG01131,CLM,AMR
HG01133,CLM,AMR
HG01134,CLM,AMR
HG01136,CLM,AMR
HG01137,CLM,AMR
HG01139,CLM,AMR
HG01140,CLM,AMR
HG01142,CLM,AMR
HG01148,CLM,AMR
HG01149,CLM,AMR
HG01250,CLM,AMR
HG01251,CLM,AMR
HG01253,CLM,AMR
HG01254,CLM,AMR
HG01256,CLM,AMR
HG01257,CLM,AMR
HG01259,CLM,AMR
HG01260,CLM,AMR
HG01269,CLM,AMR
HG01271,CLM,AMR
HG01272,CLM,AMR
HG01275,CLM,AMR
HG01277,CLM,AMR
HG01280,CLM,AMR
HG01281,CLM,AMR
HG01284,CLM,AMR
HG01341,CLM,AMR
HG01342,CLM,AMR
HG01344,CLM,AMR
HG01345,CLM,AMR
HG01348,CLM,AMR
HG01350,CLM,AMR
HG01351,CLM,AMR
HG01353,CLM,AMR
HG01354,CLM,AMR
HG01356,CLM,AMR
HG01357,CLM,AMR
HG01359,CLM,AMR
HG01360,CLM,AMR
HG01362,CLM,AMR
HG01363,CLM,AMR
HG01365,CLM,AMR
HG01366,CLM,AMR
HG01369,CLM,AMR
HG01372,CLM,AMR
HG01374,CLM,AMR
HG01375,CLM,AMR
HG01377,CLM,AMR
HG01378,CLM,AMR
HG01383,CLM,AMR
HG01384,CLM,AMR
HG01389,CLM,AMR
HG01390,CLM,AMR
HG01431,CLM,AMR
HG01432,CLM,AMR
HG01435,CLM,AMR
HG01437,CLM,AMR
HG01438,CLM,AMR
HG01440,CLM,AMR
HG01441,CLM,AMR
HG01443,CLM,AMR
HG01444,CLM,AMR
HG01447,CLM,AMR
HG01455,CLM,AMR
HG01456,CLM,AMR
HG01459,CLM,AMR
HG01461,CLM,AMR
HG01462,CLM,AMR
HG01464,CLM,AMR
HG01465,CLM,AMR
HG01468,CLM,AMR
HG01474,CLM,AMR
HG01479,CLM,AMR
HG01485,CLM,AMR
HG01486,CLM,AMR
HG01488,CLM,AMR
HG01489,CLM,AMR
HG01491,CLM,AMR
HG01492,CLM,AMR
HG01494,CLM,AMR
HG01495,CLM,AMR
HG01497,CLM,AMR
HG01498,CLM,AMR
HG01550,CLM,AMR
HG01551,CLM,AMR
HG01556,CLM,AMR
NA19648,MXL,AMR
NA19649,MXL,AMR
NA19651,MXL,AMR
NA19652,MXL,AMR
NA19654,MXL,AMR
NA19655,MXL,AMR
NA19657,MXL,AMR
NA19658,MXL,AMR
NA19661,MXL,AMR
NA19663,MXL,AMR
NA19664,MXL,AMR
NA19669,MXL,AMR
NA19670,MXL,AMR
NA19676,MXL,AMR
NA19678,MXL,AMR
NA19679,MXL,AMR
NA19681,MXL,AMR
NA19682,MXL,AMR
NA19684,MXL,AMR
NA19716,MXL,AMR
NA19717,MXL,AMR
NA19719,MXL,AMR
NA19720,MXL,AMR
NA19722,MXL,AMR
NA19723,MXL,AMR
NA19725,MXL,AMR
NA19726,MXL,AMR
NA19728,MXL,AMR
NA19729,MXL,AMR
NA19731,MXL,AMR
NA19732,MXL,AMR
NA19734,MXL,AMR
NA19735,MXL,AMR
NA19740,MXL,AMR
NA19741,MXL,AMR
NA19746,MXL,AMR
NA19747,MXL,AMR
NA19749,MXL,AMR
NA19750,MXL,AMR
NA19752,MXL,AMR
NA19755,MXL,AMR
NA19756,MXL,AMR
NA19758,MXL,AMR
NA19759,MXL,AMR
NA19761,MXL,AMR
NA19762,MXL,AMR
NA19764,MXL,AMR
NA19770,MXL,AMR
NA19771,MXL,AMR
NA19773,MXL,AMR
NA19774,MXL,AMR
NA19776,MXL,AMR
NA19777,MXL,AMR
NA19779,MXL,AMR
NA19780,MXL,AMR
NA19782,MXL,AMR
NA19783,MXL,AMR
NA19785,MXL,AMR
NA19786,MXL,AMR
NA19788,MXL,AMR
NA19789,MXL,AMR
NA19792,MXL,AMR
NA19794,MXL,AMR
NA19795,MXL,AMR
HG01565,PEL,AMR
HG01566,PEL,AMR
HG01571,PEL,AMR
HG01572,PEL,AMR
HG01577,PEL,AMR
HG01578,PEL,AMR
HG01892,PEL,AMR
HG01893,PEL,AMR
HG01917,PEL,AMR
HG01918,PEL,AMR
HG01920,PEL,AMR
HG01921,PEL,AMR
HG01923,PEL,AMR
HG01924,PEL,AMR
HG01926,PEL,AMR
HG01927,PEL,AMR
HG01932,PEL,AMR
HG01933,PEL,AMR
HG01935,PEL,AMR
HG01936,PEL,AMR
HG01938,PEL,AMR
HG01939,PEL,AMR
HG01941,PEL,AMR
HG01942,PEL,AMR
HG01944,PEL,AMR
HG01945,PEL,AMR
HG01947,PEL,AMR
HG01948,PEL,AMR
HG01950,PEL,AMR
HG01951,PEL,AMR
HG01953,PEL,AMR
HG01954,PEL,AMR
HG01961,PEL,AMR
HG01965,PEL,AMR
HG01967,PEL,AMR
HG01968,PEL,AMR
HG01970,PEL,AMR
HG01971,PEL,AMR
HG01973,PEL,AMR
HG01974,PEL,AMR
HG01976,PEL,AMR
HG01977,PEL,AMR
HG01979,PEL,AMR
HG01980,PEL,AMR
HG01982,PEL,AMR
HG01991,PEL,AMR
HG01992,PEL,AMR
HG01997,PEL,AMR
HG02002,PEL,AMR
HG02003,PEL,AMR
HG02006,PEL,AMR
HG02008,PEL,AMR
HG02089,PEL,AMR
HG02090,PEL,AMR
HG02102,PEL,AMR
HG02104,PEL,AMR
HG02105,PEL,AMR
HG02146,PEL,AMR
HG02147,PEL,AMR
HG02150,PEL,AMR
HG02252,PEL,AMR
HG02253,PEL,AMR
HG02259,PEL,AMR
HG02260,PEL,AMR
HG02262,PEL,AMR
HG02265,PEL,AMR
HG02266,PEL,AMR
HG02271,PEL,AMR
HG02272,PEL,AMR
HG02274,PEL,AMR
HG02275,PEL,AMR
HG02277,PEL,AMR
HG02278,PEL,AMR
HG02285,PEL,AMR
HG02286,PEL,AMR
HG02291,PEL,AMR
HG02292,PEL,AMR
HG02298,PEL,AMR
HG02299,PEL,AMR
HG02301,PEL,AMR
HG02304,PEL,AMR
HG02312,PEL,AMR
HG02345,PEL,AMR
HG02348,PEL,AMR
HG02425,PEL,AMR
HG00551,PUR,AMR
HG00553,PUR,AMR
HG00554,PUR,AMR
HG00637,PUR,AMR
HG00638,PUR,AMR
HG00640,PUR,AMR
HG00641,PUR,AMR
HG00731,PUR,AMR
HG00732,PUR,AMR
HG00734,PUR,AMR
HG00736,PUR,AMR
HG00737,PUR,AMR
HG00739,PUR,AMR
HG00740,PUR,AMR
HG00742,PUR,AMR
HG00743,PUR,AMR
HG01047,PUR,AMR
HG01048,PUR,AMR
HG01049,PUR,AMR
HG01051,PUR,AMR
HG01052,PUR,AMR
HG01054,PUR,AMR
HG01055,PUR,AMR
HG01058,PUR,AMR
HG01060,PUR,AMR
HG01061,PUR,AMR
HG01063,PUR,AMR
HG01064,PUR,AMR
HG01066,PUR,AMR
HG01067,PUR,AMR
HG01069,PUR,AMR
HG01070,PUR,AMR
HG01072,PUR,AMR
HG01073,PUR,AMR
HG01075,PUR,AMR
HG01077,PUR,AMR
HG01079,PUR,AMR
HG01080,PUR,AMR
HG01082,PUR,AMR
HG01083,PUR,AMR
HG01085,PUR,AMR
HG01086,PUR,AMR
HG01088,PUR,AMR
HG01089,PUR,AMR
HG01092,PUR,AMR
HG01094,PUR,AMR
HG01095,PUR,AMR
HG01097,PUR,AMR
HG01098,PUR,AMR
HG01101,PUR,AMR
HG01102,PUR,AMR
HG01104,PUR,AMR
HG01105,PUR,AMR
HG01107,PUR,AMR
HG01108,PUR,AMR
HG01110,PUR,AMR
HG01111,PUR,AMR
HG01161,PUR,AMR
HG01162,PUR,AMR
HG01164,PUR,AMR
HG01167,PUR,AMR
HG01168,PUR,AMR
HG01170,PUR,AMR
HG01171,PUR,AMR
HG01173,PUR,AMR
HG01174,PUR,AMR
HG01176,PUR,AMR
HG01177,PUR,AMR
HG01182,PUR,AMR
HG01183,PUR,AMR
HG01187,PUR,AMR
HG01188,PUR,AMR
HG01190,PUR,AMR
HG01191,PUR,AMR
HG01197,PUR,AMR
HG01198,PUR,AMR
HG01200,PUR,AMR
HG01204,PUR,AMR
HG01205,PUR,AMR
HG01241,PUR,AMR
HG01242,PUR,AMR
HG01247,PUR,AMR
HG01248,PUR,AMR
HG01286,PUR,AMR
HG01302,PUR,AMR
HG01303,PUR,AMR
HG01305,PUR,AMR
HG01308,PUR,AMR
HG01311,PUR,AMR
HG01312,PUR,AMR
HG01323,PUR,AMR
HG01325,PUR,AMR
HG01326,PUR,AMR
HG01392,PUR,AMR
HG01393,PUR,AMR
HG01395,PUR,AMR
HG01396,PUR,AMR
HG01398,PUR,AMR
HG01402,PUR,AMR
HG01403,PUR,AMR
HG01405,PUR,AMR
HG01412,PUR,AMR
HG01413,PUR,AMR
HG01414,PUR,AMR
HG00759,CDX,EAS
HG00766,CDX,EAS
HG00844,CDX,EAS
HG00851,CDX,EAS
HG00864,CDX,EAS
HG00867,CDX,EAS
HG00879,CDX,EAS
HG00881,CDX,EAS
HG00956,CDX,EAS
HG00978,CDX,EAS
HG00982,CDX,EAS
HG01028,CDX,EAS
HG01029,CDX,EAS
HG01031,CDX,EAS
HG01046,CDX,EAS
HG01794,CDX,EAS
HG01795,CDX,EAS
HG01796,CDX,EAS
HG01797,CDX,EAS
HG01798,CDX,EAS
HG01799,CDX,EAS
HG01800,CDX,EAS
HG01801,CDX,EAS
HG01802,CDX,EAS
HG01804,CDX,EAS
HG01805,CDX,EAS
HG01806,CDX,EAS
HG01807,CDX,EAS
HG01808,CDX,EAS
HG01809,CDX,EAS
HG01810,CDX,EAS
HG01811,CDX,EAS
HG01812,CDX,EAS
HG01813,CDX,EAS
HG01815,CDX,EAS
HG01816,CDX,EAS
HG01817,CDX,EAS
HG02151,CDX,EAS
HG02152,CDX,EAS
HG02153,CDX,EAS
HG02154,CDX,EAS
HG02155,CDX,EAS
HG02156,CDX,EAS
HG02164,CDX,EAS
HG02165,CDX,EAS
HG02166,CDX,EAS
HG02178,CDX,EAS
HG02179,CDX,EAS
HG02180,CDX,EAS
HG02181,CDX,EAS
HG02182,CDX,EAS
HG02184,CDX,EAS
HG02185,CDX,EAS
HG02186,CDX,EAS
HG02187,CDX,EAS
HG02188,CDX,EAS
HG02190,CDX,EAS
HG02250,CDX,EAS
HG02351,CDX,EAS
HG02353,CDX,EAS
HG02355,CDX,EAS
HG02356,CDX,EAS
HG02360,CDX,EAS
HG02364,CDX,EAS
HG02367,CDX,EAS
HG02371,CDX,EAS
HG02373,CDX,EAS
HG02374,CDX,EAS
HG02375,CDX,EAS
HG02379,CDX,EAS
HG02380,CDX,EAS
HG02382,CDX,EAS
HG02383,CDX,EAS
HG02384,CDX,EAS
HG02385,CDX,EAS
HG02386,CDX,EAS
HG02389,CDX,EAS
HG02390,CDX,EAS
HG02391,CDX,EAS
HG02392,CDX,EAS
HG02394,CDX,EAS
HG02395,CDX,EAS
HG02396,CDX,EAS
HG02397,CDX,EAS
HG02398,CDX,EAS
HG02399,CDX,EAS
HG02401,CDX,EAS
HG02402,CDX,EAS
HG02406,CDX,EAS
HG02407,CDX,EAS
HG02408,CDX,EAS
HG02409,CDX,EAS
HG02410,CDX,EAS
NA18525,CHB,EAS
NA18526,CHB,EAS
NA18528,CHB,EAS
NA18530,CHB,EAS
NA18531,CHB,EAS
NA18532,CHB,EAS
NA18533,CHB,EAS
NA18534,CHB,EAS
NA18535,CHB,EAS
NA18536,CHB,EAS
NA18537,CHB,EAS
NA18538,CHB,EAS
NA18539,CHB,EAS
NA18541,CHB,EAS
NA18542,CHB,EAS
NA18543,CHB,EAS
NA18544,CHB,EAS
NA18545,CHB,EAS
NA18546,CHB,EAS
NA18547,CHB,EAS
NA18548,CHB,EAS
NA18549,CHB,EAS
NA18550,CHB,EAS
NA18552,CHB,EAS
NA18553,CHB,EAS
NA18555,CHB,EAS
NA18557,CHB,EAS
NA18558,CHB,EAS
NA18559,CHB,EAS
NA18560,CHB,EAS
NA18561,CHB,EAS
NA18562,CHB,EAS
NA18563,CHB,EAS
NA18564,CHB,EAS
NA18565,CHB,EAS
NA18566,CHB,EAS
NA18567,CHB,EAS
NA18570,CHB,EAS
NA18571,CHB,EAS
NA18572,CHB,EAS
NA18573,CHB,EAS
NA18574,CHB,EAS
NA18577,CHB,EAS
NA18579,CHB,EAS
NA18582,CHB,EAS
NA18591,CHB,EAS
NA18592,CHB,EAS
NA18593,CHB,EAS
NA18595,CHB,EAS
NA18596,CHB,EAS
NA18597,CHB,EAS
NA18599,CHB,EAS
NA18602,CHB,EAS
NA18603,CHB,EAS
NA18605,CHB,EAS
NA18606,CHB,EAS
NA18608,CHB,EAS
NA18609,CHB,EAS
NA18610,CHB,EAS
NA18611,CHB,EAS
NA18612,CHB,EAS
NA18613,CHB,EAS
NA18614,CHB,EAS
NA18615,CHB,EAS
NA18616,CHB,EAS
NA18617,CHB,EAS
NA18618,CHB,EAS
NA18619,CHB,EAS
NA18620,CHB,EAS
NA18621,CHB,EAS
NA18622,CHB,EAS
NA18623,CHB,EAS
NA18624,CHB,EAS
NA18625,CHB,EAS
NA18626,CHB,EAS
NA18627,CHB,EAS
NA18628,CHB,EAS
NA18629,CHB,EAS
NA18630,CHB,EAS
NA18631,CHB,EAS
NA18632,CHB,EAS
NA18633,CHB,EAS
NA18634,CHB,EAS
NA18635,CHB,EAS
NA18636,CHB,EAS
NA18637,CHB,EAS
NA18638,CHB,EAS
NA18639,CHB,EAS
NA18640,CHB,EAS
NA18641,CHB,EAS
NA18642,CHB,EAS
NA18643,CHB,EAS
NA18644,CHB,EAS
NA18645,CHB,EAS
NA18646,CHB,EAS
NA18647,CHB,EAS
NA18648,CHB,EAS
NA18740,CHB,EAS
NA18745,CHB,EAS
NA18747,CHB,EAS
NA18748,CHB,EAS
NA18749,CHB,EAS
NA18757,CHB,EAS
HG00403,CHS,EAS
HG00404,CHS,EAS
HG00406,CHS,EAS
HG00407,CHS,EAS
HG00409,CHS,EAS
HG00410,CHS,EAS
HG00419,CHS,EAS
HG00421,CHS,EAS
HG00422,CHS,EAS
HG00428,CHS,EAS
HG00436,CHS,EAS
HG00437,CHS,EAS
HG00442,CHS,EAS
HG00443,CHS,EAS
HG00445,CHS,EAS
HG00446,CHS,EAS
HG00448,CHS,EAS
HG00449,CHS,EAS
HG00451,CHS,EAS
HG00452,CHS,EAS
HG00457,CHS,EAS
HG00458,CHS,EAS
HG00463,CHS,EAS
HG00464,CHS,EAS
HG00472,CHS,EAS
HG00473,CHS,EAS
HG00475,CHS,EAS
HG00476,CHS,EAS
HG00478,CHS,EAS
HG00479,CHS,EAS
HG00500,CHS,EAS
HG00513,CHS,EAS
HG00524,CHS,EAS
HG00525,CHS,EAS
HG00530,CHS,EAS
HG00531,CHS,EAS
HG00533,CHS,EAS
HG00534,CHS,EAS
HG00536,CHS,EAS
HG00537,CHS,EAS
HG00542,CHS,EAS
HG00543,CHS,EAS
HG00556,CHS,EAS
HG00557,CHS,EAS
HG00559,CHS,EAS
HG00560,CHS,EAS
HG00565,CHS,EAS
HG00566,CHS,EAS
HG00580,CHS,EAS
HG00581,CHS,EAS
HG00583,CHS,EAS
HG00584,CHS,EAS
HG00589,CHS,EAS
HG00590,CHS,EAS
HG00592,CHS,EAS
HG00593,CHS,EAS
HG00595,CHS,EAS
HG00596,CHS,EAS
HG00598,CHS,EAS
HG00599,CHS,EAS
HG00607,CHS,EAS
HG00608,CHS,EAS
HG00610,CHS,EAS
HG00611,CHS,EAS
HG00613,CHS,EAS
HG00614,CHS,EAS
HG00619,CHS,EAS
HG00620,CHS,EAS
HG00622,CHS,EAS
HG00623,CHS,EAS
HG00625,CHS,EAS
HG00626,CHS,EAS
HG00628,CHS,EAS
HG00629,CHS,EAS
HG00631,CHS,EAS
HG00632,CHS,EAS
HG00634,CHS,EAS
HG00650,CHS,EAS
HG00651,CHS,EAS
HG00653,CHS,EAS
HG00654,CHS,EAS
HG00656,CHS,EAS
HG00657,CHS,EAS
HG00662,CHS,EAS
HG00663,CHS,EAS
HG00671,CHS,EAS
HG00672,CHS,EAS
HG00674,CHS,EAS
HG00675,CHS,EAS
HG00683,CHS,EAS
HG00684,CHS,EAS
HG00689,CHS,EAS
HG00690,CHS,EAS
HG00692,CHS,EAS
HG00693,CHS,EAS
HG00698,CHS,EAS
HG00699,CHS,EAS
HG00701,CHS,EAS
HG00704,CHS,EAS
HG00705,CHS,EAS
HG00707,CHS,EAS
HG00708,CHS,EAS
HG00717,CHS,EAS
HG00728,CHS,EAS
HG00729,CHS,EAS
NA18939,JPT,EAS
NA18940,JPT,EAS
NA18941,JPT,EAS
NA18942,JPT,EAS
NA18943,JPT,EAS
NA18944,JPT,EAS
NA18945,JPT,EAS
NA18946,JPT,EAS
NA18947,JPT,EAS
NA18948,JPT,EAS
NA18949,JPT,EAS
NA18950,JPT,EAS
NA18951,JPT,EAS
NA18952,JPT,EAS
NA18953,JPT,EAS
NA18954,JPT,EAS
NA18956,JPT,EAS
NA18957,JPT,EAS
NA18959,JPT,EAS
NA18960,JPT,EAS
NA18961,JPT,EAS
NA18962,JPT,EAS
NA18963,JPT,EAS
NA18964,JPT,EAS
NA18965,JPT,EAS
NA18966,JPT,EAS
NA18967,JPT,EAS
NA18968,JPT,EAS
NA18969,JPT,EAS
NA18970,JPT,EAS
NA18971,JPT,EAS
NA18972,JPT,EAS
NA18973,JPT,EAS
NA18974,JPT,EAS
NA18975,JPT,EAS
NA18976,JPT,EAS
NA18977,JPT,EAS
NA18978,JPT,EAS
NA18979,JPT,EAS
NA18980,JPT,EAS
NA18981,JPT,EAS
NA18982,JPT,EAS
NA18983,JPT,EAS
NA18984,JPT,EAS
NA18985,JPT,EAS
NA18986,JPT,EAS
NA18987,JPT,EAS
NA18988,JPT,EAS
NA18989,JPT,EAS
NA18990,JPT,EAS
NA18991,JPT,EAS
NA18992,JPT,EAS
NA18993,JPT,EAS
NA18994,JPT,EAS
NA18995,JPT,EAS
NA18997,JPT,EAS
NA18998,JPT,EAS
NA18999,JPT,EAS
NA19000,JPT,EAS
NA19001,JPT,EAS
NA19002,JPT,EAS
NA19003,JPT,EAS
NA19004,JPT,EAS
NA19005,JPT,EAS
NA19006,JPT,EAS
NA19007,JPT,EAS
NA19009,JPT,EAS
NA19010,JPT,EAS
NA19011,JPT,EAS
NA19012,JPT,EAS
NA19054,JPT,EAS
NA19055,JPT,EAS
NA19056,JPT,EAS
NA19057,JPT,EAS
NA19058,JPT,EAS
NA19059,JPT,EAS
NA19060,JPT,EAS
NA19062,JPT,EAS
NA19063,JPT,EAS
NA19064,JPT,EAS
NA19065,JPT,EAS
NA19066,JPT,EAS
NA19067,JPT,EAS
NA19068,JPT,EAS
NA19070,JPT,EAS
NA19072,JPT,EAS
NA19074,JPT,EAS
NA19075,JPT,EAS
NA19076,JPT,EAS
NA19077,JPT,EAS
NA19078,JPT,EAS
NA19079,JPT,EAS
NA19080,JPT,EAS
NA19081,JPT,EAS
NA19082,JPT,EAS
NA19083,JPT,EAS
NA19084,JPT,EAS
NA19085,JPT,EAS
NA19086,JPT,EAS
NA19087,JPT,EAS
NA19088,JPT,EAS
NA19089,JPT,EAS
NA19090,JPT,EAS
NA19091,JPT,EAS
HG01595,KHV,EAS
HG01596,KHV,EAS
HG01597,KHV,EAS
HG01598,KHV,EAS
HG01599,KHV,EAS
HG01600,KHV,EAS
HG01840,KHV,EAS
HG01841,KHV,EAS
HG01842,KHV,EAS
HG01843,KHV,EAS
HG01844,KHV,EAS
HG01845,KHV,EAS
HG01846,KHV,EAS
HG01847,KHV,EAS
HG01848,KHV,EAS
HG01849,KHV,EAS
HG01850,KHV,EAS
HG01851,KHV,EAS
HG01852,KHV,EAS
HG01853,KHV,EAS
HG01855,KHV,EAS
HG01857,KHV,EAS
HG01858,KHV,EAS
HG01859,KHV,EAS
HG01860,KHV,EAS
HG01861,KHV,EAS
HG01862,KHV,EAS
HG01863,KHV,EAS
HG01864,KHV,EAS
HG01865,KHV,EAS
HG01866,KHV,EAS
HG01867,KHV,EAS
HG01868,KHV,EAS
HG01869,KHV,EAS
HG01870,KHV,EAS
HG01871,KHV,EAS
HG01872,KHV,EAS
HG01873,KHV,EAS
HG01874,KHV,EAS
HG01878,KHV,EAS
HG02016,KHV,EAS
HG02017,KHV,EAS
HG02019,KHV,EAS
HG02020,KHV,EAS
HG02023,KHV,EAS
HG02025,KHV,EAS
HG02026,KHV,EAS
HG02028,KHV,EAS
HG02029,KHV,EAS
HG02031,KHV,EAS
HG02032,KHV,EAS
HG02035,KHV,EAS
HG02040,KHV,EAS
HG02047,KHV,EAS
HG02048,KHV,EAS
HG02049,KHV,EAS
HG02050,KHV,EAS
HG02057,KHV,EAS
HG02058,KHV,EAS
HG02060,KHV,EAS
HG02061,KHV,EAS
HG02064,KHV,EAS
HG02067,KHV,EAS
HG02069,KHV,EAS
HG02070,KHV,EAS
HG02072,KHV,EAS
HG02073,KHV,EAS
HG02075,KHV,EAS
HG02076,KHV,EAS
HG02078,KHV,EAS
HG02079,KHV,EAS
HG02081,KHV,EAS
HG02082,KHV,EAS
HG02084,KHV,EAS
HG02085,KHV,EAS
HG02086,KHV,EAS
HG02087,KHV,EAS
HG02088,KHV,EAS
HG02113,KHV,EAS
HG02116,KHV,EAS
HG02121,KHV,EAS
HG02122,KHV,EAS
HG02127,KHV,EAS
HG02128,KHV,EAS
HG02130,KHV,EAS
HG02131,KHV,EAS
HG02133,KHV,EAS
HG02134,KHV,EAS
HG02136,KHV,EAS
HG02137,KHV,EAS
HG02138,KHV,EAS
HG02139,KHV,EAS
HG02140,KHV,EAS
HG02141,KHV,EAS
HG02142,KHV,EAS
HG02512,KHV,EAS
HG02513,KHV,EAS
HG02521,KHV,EAS
HG02522,KHV,EAS
NA06984,CEU,EUR
NA06985,CEU,EUR
NA06986,CEU,EUR
NA06989,CEU,EUR
NA06994,CEU,EUR
NA07000,CEU,EUR
NA07037,CEU,EUR
NA07048,CEU,EUR
NA07051,CEU,EUR
NA07056,CEU,EUR
NA07347,CEU,EUR
NA07357,CEU,EUR
NA10847,CEU,EUR
NA10851,CEU,EUR
NA11829,CEU,EUR
NA11830,CEU,EUR
NA11831,CEU,EUR
NA11832,CEU,EUR
NA11840,CEU,EUR
NA11843,CEU,EUR
NA11881,CEU,EUR
NA11892,CEU,EUR
NA11893,CEU,EUR
NA11894,CEU,EUR
NA11918,CEU,EUR
NA11919,CEU,EUR
NA11920,CEU,EUR
NA11930,CEU,EUR
NA11931,CEU,EUR
NA11932,CEU,EUR
NA11933,CEU,EUR
NA11992,CEU,EUR
NA11994,CEU,EUR
NA11995,CEU,EUR
NA12003,CEU,EUR
NA12004,CEU,EUR
NA12005,CEU,EUR
NA12006,CEU,EUR
NA12043,CEU,EUR
NA12044,CEU,EUR
NA12045,CEU,EUR
NA12046,CEU,EUR
NA12058,CEU,EUR
NA12144,CEU,EUR
NA12154,CEU,EUR
NA12155,CEU,EUR
NA12156,CEU,EUR
NA12234,CEU,EUR
NA12249,CEU,EUR
NA12272,CEU,EUR
NA12273,CEU,EUR
NA12275,CEU,EUR
NA12282,CEU,EUR
NA12283,CEU,EUR
NA12286,CEU,EUR
NA12287,CEU,EUR
NA12340,CEU,EUR
NA12341,CEU,EUR
NA12342,CEU,EUR
NA12347,CEU,EUR
NA12348,CEU,EUR
NA12383,CEU,EUR
NA12399,CEU,EUR
NA12400,CEU,EUR
NA12413,CEU,EUR
NA12414,CEU,EUR
NA12489,CEU,EUR
NA12546,CEU,EUR
NA12716,CEU,EUR
NA12717,CEU,EUR
NA12718,CEU,EUR
NA12748,CEU,EUR
NA12749,CEU,EUR
NA12750,CEU,EUR
NA12751,CEU,EUR
NA12760,CEU,EUR
NA12761,CEU,EUR
NA12762,CEU,EUR
NA12763,CEU,EUR
NA12775,CEU,EUR
NA12776,CEU,EUR
NA12777,CEU,EUR
NA12778,CEU,EUR
NA12812,CEU,EUR
NA12813,CEU,EUR
NA12814,CEU,EUR
NA12815,CEU,EUR
NA12827,CEU,EUR
NA12828,CEU,EUR
NA12829,CEU,EUR
NA12830,CEU,EUR
NA12842,CEU,EUR
NA12843,CEU,EUR
NA12872,CEU,EUR
NA12873,CEU,EUR
NA12874,CEU,EUR
NA12878,CEU,EUR
NA12889,CEU,EUR
NA12890,CEU,EUR
HG00171,FIN,EUR
HG00173,FIN,EUR
HG00174,FIN,EUR
HG00176,FIN,EUR
HG00177,FIN,EUR
HG00178,FIN,EUR
HG00179,FIN,EUR
HG00180,FIN,EUR
HG00181,FIN,EUR
HG00182,FIN,EUR
HG00183,FIN,EUR
HG00185,FIN,EUR
HG00186,FIN,EUR
HG00187,FIN,EUR
HG00188,FIN,EUR
HG00189,FIN,EUR
HG00190,FIN,EUR
HG00266,FIN,EUR
HG00267,FIN,EUR
HG00268,FIN,EUR
HG00269,FIN,EUR
HG00271,FIN,EUR
HG00272,FIN,EUR
HG00273,FIN,EUR
HG00274,FIN,EUR
HG00275,FIN,EUR
HG00276,FIN,EUR
HG00277,FIN,EUR
HG00278,FIN,EUR
HG00280,FIN,EUR
HG00281,FIN,EUR
HG00282,FIN,EUR
HG00284,FIN,EUR
HG00285,FIN,EUR
HG00288,FIN,EUR
HG00290,FIN,EUR
HG00304,FIN,EUR
HG00306,FIN,EUR
HG00308,FIN,EUR
HG00309,FIN,EUR
HG00310,FIN,EUR
HG00311,FIN,EUR
HG00313,FIN,EUR
HG00315,FIN,EUR
HG00318,FIN,EUR
HG00319,FIN,EUR
HG00320,FIN,EUR
HG00321,FIN,EUR
HG00323,FIN,EUR
HG00324,FIN,EUR
HG00325,FIN,EUR
HG00326,FIN,EUR
HG00327,FIN,EUR
HG00328,FIN,EUR
HG00329,FIN,EUR
HG00330,FIN,EUR
HG00331,FIN,EUR
HG00332,FIN,EUR
HG00334,FIN,EUR
HG00335,FIN,EUR
HG00336,FIN,EUR
HG00337,FIN,EUR
HG00338,FIN,EUR
HG00339,FIN,EUR
HG00341,FIN,EUR
HG00342,FIN,EUR
HG00343,FIN,EUR
HG00344,FIN,EUR
HG00345,FIN,EUR
HG00346,FIN,EUR
HG00349,FIN,EUR
HG00350,FIN,EUR
HG00351,FIN,EUR
HG00353,FIN,EUR
HG00355,FIN,EUR
HG00356,FIN,EUR
HG00357,FIN,EUR
HG00358,FIN,EUR
HG00360,FIN,EUR
HG00361,FIN,EUR
HG00362,FIN,EUR
HG00364,FIN,EUR
HG00365,FIN,EUR
HG00366,FIN,EUR
HG00367,FIN,EUR
HG00368,FIN,EUR
HG00369,FIN,EUR
HG00371,FIN,EUR
HG00372,FIN,EUR
HG00373,FIN,EUR
HG00375,FIN,EUR
HG00376,FIN,EUR
HG00378,FIN,EUR
HG00379,FIN,EUR
HG00380,FIN,EUR
HG00381,FIN,EUR
HG00382,FIN,EUR
HG00383,FIN,EUR
HG00384,FIN,EUR
HG00096,GBR,EUR
HG00097,GBR,EUR
HG00099,GBR,EUR
HG00100,GBR,EUR
HG00101,GBR,EUR
HG00102,GBR,EUR
HG00103,GBR,EUR
HG00105,GBR,EUR
HG00106,GBR,EUR
HG00107,GBR,EUR
HG00108,GBR,EUR
HG00109,GBR,EUR
HG00110,GBR,EUR
HG00111,GBR,EUR
HG00112,GBR,EUR
HG00113,GBR,EUR
HG00114,GBR,EUR
HG00115,GBR,EUR
HG00116,GBR,EUR
HG00117,GBR,EUR
HG00118,GBR,EUR
HG00119,GBR,EUR
HG00120,GBR,EUR
HG00121,GBR,EUR
HG00122,GBR,EUR
HG00123,GBR,EUR
HG00125,GBR,EUR
HG00126,GBR,EUR
HG00127,GBR,EUR
HG00128,GBR,EUR
HG00129,GBR,EUR
HG00130,GBR,EUR
HG00131,GBR,EUR
HG00132,GBR,EUR
HG00133,GBR,EUR
HG00136,GBR,EUR
HG00137,GBR,EUR
HG00138,GBR,EUR
HG00139,GBR,EUR
HG00140,GBR,EUR
HG00141,GBR,EUR
HG00142,GBR,EUR
HG00143,GBR,EUR
HG00145,GBR,EUR
HG00146,GBR,EUR
HG00148,GBR,EUR
HG00149,GBR,EUR
HG00150,GBR,EUR
HG00151,GBR,EUR
HG00154,GBR,EUR
HG00155,GBR,EUR
HG00157,GBR,EUR
HG00158,GBR,EUR
HG00159,GBR,EUR
HG00160,GBR,EUR
HG00231,GBR,EUR
HG00232,GBR,EUR
HG00233,GBR,EUR
HG00234,GBR,EUR
HG00235,GBR,EUR
HG00236,GBR,EUR
HG00237,GBR,EUR
HG00238,GBR,EUR
HG00239,GBR,EUR
HG00240,GBR,EUR
HG00242,GBR,EUR
HG00243,GBR,EUR
HG00244,GBR,EUR
HG00245,GBR,EUR
HG00246,GBR,EUR
HG00250,GBR,EUR
HG00251,GBR,EUR
HG00252,GBR,EUR
HG00253,GBR,EUR
HG00254,GBR,EUR
HG00255,GBR,EUR
HG00256,GBR,EUR
HG00257,GBR,EUR
HG00258,GBR,EUR
HG00259,GBR,EUR
HG00260,GBR,EUR
HG00261,GBR,EUR
HG00262,GBR,EUR
HG00263,GBR,EUR
HG00264,GBR,EUR
HG00265,GBR,EUR
HG01334,GBR,EUR
HG01789,GBR,EUR
HG01790,GBR,EUR
HG01791,GBR,EUR
HG02215,GBR,EUR
HG01500,IBS,EUR
HG01501,IBS,EUR
HG01503,IBS,EUR
HG01504,IBS,EUR
HG01506,IBS,EUR
HG01507,IBS,EUR
HG01509,IBS,EUR
HG01510,IBS,EUR
HG01512,IBS,EUR
HG01513,IBS,EUR
HG01515,IBS,EUR
HG01516,IBS,EUR
HG01518,IBS,EUR
HG01519,IBS,EUR
HG01521,IBS,EUR
HG01522,IBS,EUR
HG01524,IBS,EUR
HG01525,IBS,EUR
HG01527,IBS,EUR
HG01528,IBS,EUR
HG01530,IBS,EUR
HG01531,IBS,EUR
HG01536,IBS,EUR
HG01537,IBS,EUR
HG01602,IBS,EUR
HG01603,IBS,EUR
HG01605,IBS,EUR
HG01606,IBS,EUR
HG01607,IBS,EUR
HG01608,IBS,EUR
HG01610,IBS,EUR
HG01612,IBS,EUR
HG01613,IBS,EUR
HG01615,IBS,EUR
HG01617,IBS,EUR
HG01618,IBS,EUR
HG01619,IBS,EUR
HG01620,IBS,EUR
HG01623,IBS,EUR
HG01624,IBS,EUR
HG01625,IBS,EUR
HG01626,IBS,EUR
HG01628,IBS,EUR
HG01630,IBS,EUR
HG01631,IBS,EUR
HG01632,IBS,EUR
HG01668,IBS,EUR
HG01669,IBS,EUR
HG01670,IBS,EUR
HG01672,IBS,EUR
HG01673,IBS,EUR
HG01675,IBS,EUR
HG01676,IBS,EUR
HG01678,IBS,EUR
HG01679,IBS,EUR
HG01680,IBS,EUR
HG01682,IBS,EUR
HG01684,IBS,EUR
HG01685,IBS,EUR
HG01686,IBS,EUR
HG01694,IBS,EUR
HG01695,IBS,EUR
HG01697,IBS,EUR
HG01699,IBS,EUR
HG01700,IBS,EUR
HG01702,IBS,EUR
HG01704,IBS,EUR
HG01705,IBS,EUR
HG01707,IBS,EUR
HG01708,IBS,EUR
HG01709,IBS,EUR
HG01710,IBS,EUR
HG01746,IBS,EUR
HG01747,IBS,EUR
HG01756,IBS,EUR
HG01757,IBS,EUR
HG01761,IBS,EUR
HG01762,IBS,EUR
HG01765,IBS,EUR
HG01766,IBS,EUR
HG01767,IBS,EUR
HG01768,IBS,EUR
HG01770,IBS,EUR
HG01771,IBS,EUR
HG01773,IBS,EUR
HG01775,IBS,EUR
HG01776,IBS,EUR
HG01777,IBS,EUR
HG01779,IBS,EUR
HG01781,IBS,EUR
HG01783,IBS,EUR
HG01784,IBS,EUR
HG01785,IBS,EUR
HG01786,IBS,EUR
HG02219,IBS,EUR
HG02220,IBS,EUR
HG02221,IBS,EUR
HG02223,IBS,EUR
HG02224,IBS,EUR
HG02230,IBS,EUR
HG02231,IBS,EUR
HG02232,IBS,EUR
HG02233,IBS,EUR
HG02235,IBS,EUR
HG02236,IBS,EUR
HG02238,IBS,EUR
HG02239,IBS,EUR
NA20502,TSI,EUR
NA20503,TSI,EUR
NA20504,TSI,EUR
NA20505,TSI,EUR
NA20506,TSI,EUR
NA20507,TSI,EUR
NA20508,TSI,EUR
NA20509,TSI,EUR
NA20510,TSI,EUR
NA20511,TSI,EUR
NA20512,TSI,EUR
NA20513,TSI,EUR
NA20514,TSI,EUR
NA20515,TSI,EUR
NA20516,TSI,EUR
NA20517,TSI,EUR
NA20518,TSI,EUR
NA20519,TSI,EUR
NA20520,TSI,EUR
NA20521,TSI,EUR
NA20522,TSI,EUR
NA20524,TSI,EUR
NA20525,TSI,EUR
NA20527,TSI,EUR
NA20528,TSI,EUR
NA20529,TSI,EUR
NA20530,TSI,EUR
NA20531,TSI,EUR
NA20532,TSI,EUR
NA20533,TSI,EUR
NA20534,TSI,EUR
NA20535,TSI,EUR
NA20536,TSI,EUR
NA20538,TSI,EUR
NA20539,TSI,EUR
NA20540,TSI,EUR
NA20541,TSI,EUR
NA20542,TSI,EUR
NA20543,TSI,EUR
NA20544,TSI,EUR
NA20581,TSI,EUR
NA20582,TSI,EUR
NA20585,TSI,EUR
NA20586,TSI,EUR
NA20587,TSI,EUR
NA20588,TSI,EUR
NA20589,TSI,EUR
NA20752,TSI,EUR
NA20753,TSI,EUR
NA20754,TSI,EUR
NA20755,TSI,EUR
NA20756,TSI,EUR
NA20757,TSI,EUR
NA20758,TSI,EUR
NA20759,TSI,EUR
NA20760,TSI,EUR
NA20761,TSI,EUR
NA20762,TSI,EUR
NA20763,TSI,EUR
NA20764,TSI,EUR
NA20765,TSI,EUR
NA20766,TSI,EUR
NA20767,TSI,EUR
NA20768,TSI,EUR
NA20769,TSI,EUR
NA20770,TSI,EUR
NA20771,TSI,EUR
NA20772,TSI,EUR
NA20773,TSI,EUR
NA20774,TSI,EUR
NA20775,TSI,EUR
NA20778,TSI,EUR
NA20783,TSI,EUR
NA20785,TSI,EUR
NA20786,TSI,EUR
NA20787,TSI,EUR
NA20790,TSI,EUR
NA20792,TSI,EUR
NA20795,TSI,EUR
NA20796,TSI,EUR
NA20797,TSI,EUR
NA20798,TSI,EUR
NA20799,TSI,EUR
NA20800,TSI,EUR
NA20801,TSI,EUR
NA20802,TSI,EUR
NA20803,TSI,EUR
NA20804,TSI,EUR
NA20805,TSI,EUR
NA20806,TSI,EUR
NA20807,TSI,EUR
NA20808,TSI,EUR
NA20809,TSI,EUR
NA20810,TSI,EUR
NA20811,TSI,EUR
NA20812,TSI,EUR
NA20813,TSI,EUR
NA20814,TSI,EUR
NA20815,TSI,EUR
NA20818,TSI,EUR
NA20819,TSI,EUR
NA20821,TSI,EUR
NA20822,TSI,EUR
NA20826,TSI,EUR
NA20827,TSI,EUR
NA20828,TSI,EUR
NA20832,TSI,EUR
HG03006,BEB,SAS
HG03007,BEB,SAS
HG03009,BEB,SAS
HG03012,BEB,SAS
HG03585,BEB,SAS
HG03589,BEB,SAS
HG03593,BEB,SAS
HG03594,BEB,SAS
HG03595,BEB,SAS
HG03598,BEB,SAS
HG03600,BEB,SAS
HG03603,BEB,SAS
HG03604,BEB,SAS
HG03607,BEB,SAS
HG03611,BEB,SAS
HG03615,BEB,SAS
HG03616,BEB,SAS
HG03793,BEB,SAS
HG03796,BEB,SAS
HG03800,BEB,SAS
HG03802,BEB,SAS
HG03803,BEB,SAS
HG03805,BEB,SAS
HG03808,BEB,SAS
HG03809,BEB,SAS
HG03812,BEB,SAS
HG03814,BEB,SAS
HG03815,BEB,SAS
HG03817,BEB,SAS
HG03821,BEB,SAS
HG03823,BEB,SAS
HG03824,BEB,SAS
HG03826,BEB,SAS
HG03829,BEB,SAS
HG03830,BEB,SAS
HG03832,BEB,SAS
HG03833,BEB,SAS
HG03902,BEB,SAS
HG03905,BEB,SAS
HG03907,BEB,SAS
HG03908,BEB,SAS
HG03910,BEB,SAS
HG03911,BEB,SAS
HG03913,BEB,SAS
HG03914,BEB,SAS
HG03916,BEB,SAS
HG03917,BEB,SAS
HG03919,BEB,SAS
HG03920,BEB,SAS
HG03922,BEB,SAS
HG03925,BEB,SAS
HG03926,BEB,SAS
HG03928,BEB,SAS
HG03931,BEB,SAS
HG03934,BEB,SAS
HG03937,BEB,SAS
HG03940,BEB,SAS
HG03941,BEB,SAS
HG04131,BEB,SAS
HG04134,BEB,SAS
HG04140,BEB,SAS
HG04141,BEB,SAS
HG04144,BEB,SAS
HG04146,BEB,SAS
HG04152,BEB,SAS
HG04153,BEB,SAS
HG04155,BEB,SAS
HG04156,BEB,SAS
HG04158,BEB,SAS
HG04159,BEB,SAS
HG04161,BEB,SAS
HG04162,BEB,SAS
HG04164,BEB,SAS
HG04171,BEB,SAS
HG04173,BEB,SAS
HG04176,BEB,SAS
HG04177,BEB,SAS
HG04180,BEB,SAS
HG04182,BEB,SAS
HG04183,BEB,SAS
HG04185,BEB,SAS
HG04186,BEB,SAS
HG04188,BEB,SAS
HG04189,BEB,SAS
HG04194,BEB,SAS
HG04195,BEB,SAS
NA20845,GIH,SAS
NA20846,GIH,SAS
NA20847,GIH,SAS
NA20849,GIH,SAS
NA20850,GIH,SAS
NA20851,GIH,SAS
NA20852,GIH,SAS
NA20853,GIH,SAS
NA20854,GIH,SAS
NA20856,GIH,SAS
NA20858,GIH,SAS
NA20859,GIH,SAS
NA20861,GIH,SAS
NA20862,GIH,SAS
NA20863,GIH,SAS
NA20864,GIH,SAS
NA20866,GIH,SAS
NA20867,GIH,SAS
NA20868,GIH,SAS
NA20869,GIH,SAS
NA20870,GIH,SAS
NA20872,GIH,SAS
NA20874,GIH,SAS
NA20875,GIH,SAS
NA20876,GIH,SAS
NA20877,GIH,SAS
NA20878,GIH,SAS
NA20881,GIH,SAS
NA20882,GIH,SAS
NA20884,GIH,SAS
NA20885,GIH,SAS
NA20886,GIH,SAS
NA20887,GIH,SAS
NA20888,GIH,SAS
NA20889,GIH,SAS
NA20890,GIH,SAS
NA20891,GIH,SAS
NA20892,GIH,SAS
NA20894,GIH,SAS
NA20895,GIH,SAS
NA20896,GIH,SAS
NA20897,GIH,SAS
NA20899,GIH,SAS
NA20900,GIH,SAS
NA20901,GIH,SAS
NA20902,GIH,SAS
NA20903,GIH,SAS
NA20904,GIH,SAS
NA20905,GIH,SAS
NA20906,GIH,SAS
NA20908,GIH,SAS
NA20910,GIH,SAS
NA20911,GIH,SAS
NA21086,GIH,SAS
NA21087,GIH,SAS
NA21088,GIH,SAS
NA21089,GIH,SAS
NA21090,GIH,SAS
NA21091,GIH,SAS
NA21092,GIH,SAS
NA21093,GIH,SAS
NA21094,GIH,SAS
NA21095,GIH,SAS
NA21097,GIH,SAS
NA21098,GIH,SAS
NA21099,GIH,SAS
NA21100,GIH,SAS
NA21101,GIH,SAS
NA21102,GIH,SAS
NA21103,GIH,SAS
NA21104,GIH,SAS
NA21105,GIH,SAS
NA21106,GIH,SAS
NA21107,GIH,SAS
NA21108,GIH,SAS
NA21109,GIH,SAS
NA21110,GIH,SAS
NA21111,GIH,SAS
NA21112,GIH,SAS
NA21113,GIH,SAS
NA21114,GIH,SAS
NA21115,GIH,SAS
NA21116,GIH,SAS
NA21117,GIH,SAS
NA21118,GIH,SAS
NA21119,GIH,SAS
NA21120,GIH,SAS
NA21122,GIH,SAS
NA21123,GIH,SAS
NA21124,GIH,SAS
NA21125,GIH,SAS
NA21126,GIH,SAS
NA21127,GIH,SAS
NA21128,GIH,SAS
NA21129,GIH,SAS
NA21130,GIH,SAS
NA21133,GIH,SAS
NA21135,GIH,SAS
NA21137,GIH,SAS
NA21141,GIH,SAS
NA21142,GIH,SAS
NA21143,GIH,SAS
NA21144,GIH,SAS
HG03713,ITU,SAS
HG03714,ITU,SAS
HG03716,ITU,SAS
HG03717,ITU,SAS
HG03718,ITU,SAS
HG03720,ITU,SAS
HG03722,ITU,SAS
HG03727,ITU,SAS
HG03729,ITU,SAS
HG03730,ITU,SAS
HG03731,ITU,SAS
HG03742,ITU,SAS
HG03770,ITU,SAS
HG03771,ITU,SAS
HG03772,ITU,SAS
HG03773,ITU,SAS
HG03774,ITU,SAS
HG03775,ITU,SAS
HG03777,ITU,SAS
HG03778,ITU,SAS
HG03779,ITU,SAS
HG03780,ITU,SAS
HG03781,ITU,SAS
HG03782,ITU,SAS
HG03784,ITU,SAS
HG03785,ITU,SAS
HG03786,ITU,SAS
HG03787,ITU,SAS
HG03788,ITU,SAS
HG03789,ITU,SAS
HG03790,ITU,SAS
HG03792,ITU,SAS
HG03861,ITU,SAS
HG03862,ITU,SAS
HG03863,ITU,SAS
HG03864,ITU,SAS
HG03866,ITU,SAS
HG03867,ITU,SAS
HG03868,ITU,SAS
HG03869,ITU,SAS
HG03870,ITU,SAS
HG03871,ITU,SAS
HG03872,ITU,SAS
HG03873,ITU,SAS
HG03874,ITU,SAS
HG03875,ITU,SAS
HG03882,ITU,SAS
HG03960,ITU,SAS
HG03963,ITU,SAS
HG03965,ITU,SAS
HG03967,ITU,SAS
HG03968,ITU,SAS
HG03969,ITU,SAS
HG03971,ITU,SAS
HG03973,ITU,SAS
HG03974,ITU,SAS
HG03976,ITU,SAS
HG03977,ITU,SAS
HG03978,ITU,SAS
HG04001,ITU,SAS
HG04002,ITU,SAS
HG04014,ITU,SAS
HG04015,ITU,SAS
HG04017,ITU,SAS
HG04018,ITU,SAS
HG04019,ITU,SAS
HG04020,ITU,SAS
HG04022,ITU,SAS
HG04023,ITU,SAS
HG04025,ITU,SAS
HG04026,ITU,SAS
HG04054,ITU,SAS
HG04056,ITU,SAS
HG04059,ITU,SAS
HG04060,ITU,SAS
HG04061,ITU,SAS
HG04062,ITU,SAS
HG04063,ITU,SAS
HG04070,ITU,SAS
HG04076,ITU,SAS
HG04080,ITU,SAS
HG04090,ITU,SAS
HG04093,ITU,SAS
HG04094,ITU,SAS
HG04096,ITU,SAS
HG04098,ITU,SAS
HG04118,ITU,SAS
HG04198,ITU,SAS
HG04200,ITU,SAS
HG04202,ITU,SAS
HG04206,ITU,SAS
HG04209,ITU,SAS
HG04211,ITU,SAS
HG04212,ITU,SAS
HG04214,ITU,SAS
HG04216,ITU,SAS
HG04219,ITU,SAS
HG04222,ITU,SAS
HG04225,ITU,SAS
HG04235,ITU,SAS
HG04238,ITU,SAS
HG04239,ITU,SAS
HG01583,PJL,SAS
HG01586,PJL,SAS
HG01589,PJL,SAS
HG01593,PJL,SAS
HG02490,PJL,SAS
HG02491,PJL,SAS
HG02493,PJL,SAS
HG02494,PJL,SAS
HG02597,PJL,SAS
HG02600,PJL,SAS
HG02601,PJL,SAS
HG02603,PJL,SAS
HG02604,PJL,SAS
HG02648,PJL,SAS
HG02649,PJL,SAS
HG02651,PJL,SAS
HG02652,PJL,SAS
HG02654,PJL,SAS
HG02655,PJL,SAS
HG02657,PJL,SAS
HG02658,PJL,SAS
HG02660,PJL,SAS
HG02661,PJL,SAS
HG02681,PJL,SAS
HG02682,PJL,SAS
HG02684,PJL,SAS
HG02685,PJL,SAS
HG02687,PJL,SAS
HG02688,PJL,SAS
HG02690,PJL,SAS
HG02691,PJL,SAS
HG02694,PJL,SAS
HG02696,PJL,SAS
HG02697,PJL,SAS
HG02699,PJL,SAS
HG02700,PJL,SAS
HG02724,PJL,SAS
HG02725,PJL,SAS
HG02727,PJL,SAS
HG02728,PJL,SAS
HG02731,PJL,SAS
HG02733,PJL,SAS
HG02734,PJL,SAS
HG02736,PJL,SAS
HG02737,PJL,SAS
HG02774,PJL,SAS
HG02775,PJL,SAS
HG02778,PJL,SAS
HG02780,PJL,SAS
HG02783,PJL,SAS
HG02784,PJL,SAS
HG02786,PJL,SAS
HG02787,PJL,SAS
HG02789,PJL,SAS
HG02790,PJL,SAS
HG02792,PJL,SAS
HG02793,PJL,SAS
HG03015,PJL,SAS
HG03016,PJL,SAS
HG03018,PJL,SAS
HG03019,PJL,SAS
HG03021,PJL,SAS
HG03022,PJL,SAS
HG03228,PJL,SAS
HG03229,PJL,SAS
HG03234,PJL,SAS
HG03235,PJL,SAS
HG03237,PJL,SAS
HG03238,PJL,SAS
HG03488,PJL,SAS
HG03490,PJL,SAS
HG03491,PJL,SAS
HG03619,PJL,SAS
HG03624,PJL,SAS
HG03625,PJL,SAS
HG03629,PJL,SAS
HG03631,PJL,SAS
HG03634,PJL,SAS
HG03636,PJL,SAS
HG03640,PJL,SAS
HG03649,PJL,SAS
HG03652,PJL,SAS
HG03653,PJL,SAS
HG03660,PJL,SAS
HG03663,PJL,SAS
HG03667,PJL,SAS
HG03668,PJL,SAS
HG03702,PJL,SAS
HG03703,PJL,SAS
HG03705,PJL,SAS
HG03706,PJL,SAS
HG03708,PJL,SAS
HG03709,PJL,SAS
HG03762,PJL,SAS
HG03765,PJL,SAS
HG03767,PJL,SAS
HG03642,STU,SAS
HG03643,STU,SAS
HG03644,STU,SAS
HG03645,STU,SAS
HG03646,STU,SAS
HG03672,STU,SAS
HG03673,STU,SAS
HG03679,STU,SAS
HG03680,STU,SAS
HG03681,STU,SAS
HG03684,STU,SAS
HG03685,STU,SAS
HG03686,STU,SAS
HG03687,STU,SAS
HG03689,STU,SAS
HG03690,STU,SAS
HG03691,STU,SAS
HG03692,STU,SAS
HG03693,STU,SAS
HG03694,STU,SAS
HG03695,STU,SAS
HG03696,STU,SAS
HG03697,STU,SAS
HG03698,STU,SAS
HG03711,STU,SAS
HG03733,STU,SAS
HG03736,STU,SAS
HG03738,STU,SAS
HG03740,STU,SAS
HG03741,STU,SAS
HG03743,STU,SAS
HG03744,STU,SAS
HG03745,STU,SAS
HG03746,STU,SAS
HG03750,STU,SAS
HG03752,STU,SAS
HG03753,STU,SAS
HG03754,STU,SAS
HG03755,STU,SAS
HG03756,STU,SAS
HG03757,STU,SAS
HG03760,STU,SAS
HG03836,STU,SAS
HG03837,STU,SAS
HG03838,STU,SAS
HG03844,STU,SAS
HG03846,STU,SAS
HG03848,STU,SAS
HG03849,STU,SAS
HG03850,STU,SAS
HG03851,STU,SAS
HG03854,STU,SAS
HG03856,STU,SAS
HG03857,STU,SAS
HG03858,STU,SAS
HG03884,STU,SAS
HG03885,STU,SAS
HG03886,STU,SAS
HG03887,STU,SAS
HG03888,STU,SAS
HG03890,STU,SAS
HG03894,STU,SAS
HG03895,STU,SAS
HG03896,STU,SAS
HG03897,STU,SAS
HG03898,STU,SAS
HG03899,STU,SAS
HG03900,STU,SAS
HG03943,STU,SAS
HG03944,STU,SAS
HG03945,STU,SAS
HG03947,STU,SAS
HG03949,STU,SAS
HG03950,STU,SAS
HG03951,STU,SAS
HG03953,STU,SAS
HG03955,STU,SAS
HG03985,STU,SAS
HG03986,STU,SAS
HG03989,STU,SAS
HG03990,STU,SAS
HG03991,STU,SAS
HG03995,STU,SAS
HG03998,STU,SAS
HG03999,STU,SAS
HG04003,STU,SAS
HG04006,STU,SAS
HG04029,STU,SAS
HG04033,STU,SAS
HG04035,STU,SAS
HG04038,STU,SAS
HG04039,STU,SAS
HG04042,STU,SAS
HG04047,STU,SAS
HG04075,STU,SAS
HG04099,STU,SAS
HG04100,STU,SAS
HG04106,STU,SAS
HG04107,STU,SAS
HG04210,STU,SAS
HG04227,STU,SAS
HG04229,STU,SAS
KK93636217IG,Adikarnataka,OWN
SW35301946UY,Adikarnataka,OWN
JL45035607EX,Adikarnataka,OWN
GD46814344CV,Adikarnataka,OWN
ZH92178100SG,Adikarnataka,OWN
VC11432132CA,Adikarnataka,OWN
GX57679831XD,Adikarnataka,OWN
DU53399005KQ,Adikarnataka,OWN
VG15832033VG,Adikarnataka,OWN
DV83054453TZ,Adikarnataka,OWN
GG64883566FF,Adikarnataka,OWN
RU52627428NK,Adikarnataka,OWN
LC49656291SP,Adikarnataka,OWN
AN49353435IY,Adikarnataka,OWN
DG90120733BK,Adikarnataka,OWN
YG66544778BN,Adikarnataka,OWN
SI43113643IY,Adikarnataka,OWN
YQ68482952OD,Adikarnataka,OWN
MT29988289MY,Adikarnataka,OWN
QY75235689JR,Adikarnataka,OWN
FR93024627SM,Adikarnataka,OWN
LW84248070AT,Adikarnataka,OWN
PQ56053347OR,Adikarnataka,OWN
GP42554101CM,Adikarnataka,OWN
RY83891480UH,Adikarnataka,OWN
XA92320492HB,Adikarnataka,OWN
VX92704367ZU,Adikarnataka,OWN
PF64922298PY,Adikarnataka,OWN
ZA12149445MZ,Adikarnataka,OWN
XK37724183MC,Adikarnataka,OWN
UD85216483OV,Adikarnataka,OWN
QT31238344ET,Adikarnataka,OWN
PO67157219VY,Adikarnataka,OWN
YJ84256495CY,Adikarnataka,OWN
RW89582590IJ,Adikarnataka,OWN
BL61064660TO,Adikarnataka,OWN
ZI79858922MJ,Adikarnataka,OWN
XF29886809FM,Adikarnataka,OWN
OL16025745HG,Adikarnataka,OWN
HJ51193561TD,Adikarnataka,OWN
XW75708210CX,Adikarnataka,OWN
UP88529092CL,Adikarnataka,OWN
ME52554874QH,Adikarnataka,OWN
RV46972845OB,Adikarnataka,OWN
XS61898882CU,Adikarnataka,OWN
XD49285216QN,Adikarnataka,OWN
GZ36783392EC,Adikarnataka,OWN
MB98106787QW,Adikarnataka,OWN
CH20665956MS,Adikarnataka,OWN
GC26281198SE,Adikarnataka,OWN
UG76607847XK,Adikarnataka,OWN
ZO27592038HL,Adikarnataka,OWN
HN26247074CP,Adikarnataka,OWN
RU75938521FJ,Adikarnataka,OWN
OX55167769SM,Adikarnataka,OWN
CT21775060SA,Adikarnataka,OWN
QV48107817YH,Adikarnataka,OWN
RK34349989DA,Adikarnataka,OWN
AU37922225UJ,Adikarnataka,OWN
HR79560467LE,Adikarnataka,OWN
NK11066073AZ,Adikarnataka,OWN
LK31722228QG,Adikarnataka,OWN
WJ08175627FD,Adikarnataka,OWN
PC90294083TZ,Adikarnataka,OWN
NW24505205YJ,Adikarnataka,OWN
OE57386958EH,Adikarnataka,OWN
KY49690221NN,Adikarnataka,OWN
KS00174805UH,Adikarnataka,OWN
KI59635472EP,Adikarnataka,OWN
RU87258506PC,Adikarnataka,OWN
XE06748997PX,Adikarnataka,OWN
DQ17856120OX,Adikarnataka,OWN
TV12976679DW,Deshastha_Brhamin,OWN
NA95158098IX,Deshastha_Brhamin,OWN
SH48968222AJ,Deshastha_Brhamin,OWN
ES74704116NQ,Deshastha_Brhamin,OWN
PO49971400JB,Deshastha_Brhamin,OWN
FG15876092SK,Deshastha_Brhamin,OWN
XB08411814KB,Deshastha_Brhamin,OWN
ZB06157358LU,Deshastha_Brhamin,OWN
QA70166244DF,Deshastha_Brhamin,OWN
QF93290005XG,Deshastha_Brhamin,OWN
ZZ22432743ON,Deshastha_Brhamin,OWN
IW60772425PZ,Deshastha_Brhamin,OWN
DY90758416DC,Deshastha_Brhamin,OWN
IQ47598587RW,Deshastha_Brhamin,OWN
UF31021021RH,Deshastha_Brhamin,OWN
XV08735838HW,Deshastha_Brhamin,OWN
TR84147277OR,Deshastha_Brhamin,OWN
JW52744040RK,Deshastha_Brhamin,OWN
XT40838924HY,Deshastha_Brhamin,OWN
YH26559863JX,Deshastha_Brhamin,OWN
JF78916161IM,Deshastha_Brhamin,OWN
SJ09963243TT,Deshastha_Brhamin,OWN
OX29137832BK,Deshastha_Brhamin,OWN
UA36072768SF,Deshastha_Brhamin,OWN
JC41275804ZO,Deshastha_Brhamin,OWN
XF41177281NU,Deshastha_Brhamin,OWN
OF71325892JU,Deshastha_Brhamin,OWN
FN69124713LX,Deshastha_Brhamin,OWN
YH48240640CP,Deshastha_Brhamin,OWN
HW34032577BG,Deshastha_Brhamin,OWN
VH75755592RF,Deshastha_Brhamin,OWN
JY36647543CW,Deshastha_Brhamin,OWN
VV48714066ET,Deshastha_Brhamin,OWN
IZ71432770VK,Deshastha_Brhamin,OWN
MU19468367QJ,Deshastha_Brhamin,OWN
AX02238121YE,Deshastha_Brhamin,OWN
EH43610800FM,Deshastha_Brhamin,OWN
BE97272239UY,Deshastha_Brhamin,OWN
LB65034174GC,Deshastha_Brhamin,OWN
VT93249522YX,Deshastha_Brhamin,OWN
PF68298504TK,Deshastha_Brhamin,OWN
PB82913105HQ,Deshastha_Brhamin,OWN
XW21161990ZK,Deshastha_Brhamin,OWN
CE29640575MU,Deshastha_Brhamin,OWN
SY93279258NZ,Deshastha_Brhamin,OWN
UK43098810KJ,Deshastha_Brhamin,OWN
WZ22454893DN,Deshastha_Brhamin,OWN
YM76672514SL,Deshastha_Brhamin,OWN
LR84113440OE,Deshastha_Brhamin,OWN
ZH42649363MU,Deshastha_Brhamin,OWN
JD53575629VJ,Deshastha_Brhamin,OWN
PO81546089LR,Deshastha_Brhamin,OWN
FL28891203ZY,Deshastha_Brhamin,OWN
EW18659885UA,Deshastha_Brhamin,OWN
UK96797053OB,Deshastha_Brhamin,OWN
EY96796055BR,Deshastha_Brhamin,OWN
AG57100225ZD,Deshastha_Brhamin,OWN
PT50954259QW,Deshastha_Brhamin,OWN
DJ87006737CL,Deshastha_Brhamin,OWN
TZ15031612MU,Deshastha_Brhamin,OWN
RW68695374IV,Deshastha_Brhamin,OWN
JC01112432CB,Deshastha_Brhamin,OWN
RY32819833CM,Deshastha_Brhamin,OWN
FJ62950658NB,Deshastha_Brhamin,OWN
AU85749416PU,Deshastha_Brhamin,OWN
EC90654937KL,Deshastha_Brhamin,OWN
XG21406524PW,Deshastha_Brhamin,OWN
DI79024756GU,Deshastha_Brhamin,OWN
EH56511257YL,Deshastha_Brhamin,OWN
XP34071167CK,Deshastha_Brhamin,OWN
KR28203143FE,Deshastha_Brhamin,OWN
UV07610377DG,Deshastha_Brhamin,OWN
QE43531071KI,Deshastha_Brhamin,OWN
VN67210331RA,Deshastha_Brhamin,OWN
JM52405163PQ,Deshastha_Brhamin,OWN
FH69655801RS,Deshastha_Brhamin,OWN
NC40665471GW,Deshastha_Brhamin,OWN
NC62719297ZT,Deshastha_Brhamin,OWN
NL21904699FO,Deshastha_Brhamin,OWN
RS94652492WU,Deshastha_Brhamin,OWN
QP45785446WW,Deshastha_Brhamin,OWN
EL15721557OY,Deshastha_Brhamin,OWN
AU10197337NM,Deshastha_Brhamin,OWN
JY74058897JE,Deshastha_Brhamin,OWN
MZ59875382EB,Deshastha_Brhamin,OWN
KF31334385SX,Deshastha_Brhamin,OWN
AM40668426KQ,Deshastha_Brhamin,OWN
UF47935886LM,Deshastha_Brhamin,OWN
UA59289897JP,Deshastha_Brhamin,OWN
WT39206111LL,Deshastha_Brhamin,OWN
HT67709615FM,Deshastha_Brhamin,OWN
FQ30914410AB,Deshastha_Brhamin,OWN
OD78637244TU,Deshastha_Brhamin,OWN
PB65080274BL,Deshastha_Brhamin,OWN
IC44046056EY,Deshastha_Brhamin,OWN
ZC80440246QI,Deshastha_Brhamin,OWN
DJ09583356BC,Deshastha_Brhamin,OWN
ZK22655666HG,Deshastha_Brhamin,OWN
FB40053680MS,Deshastha_Brhamin,OWN
NN38523740TD,Deshastha_Brhamin,OWN
YS30851846TF,Deshastha_Brhamin,OWN
PW34250910RN,Deshastha_Brhamin,OWN
BD42779652DE,Deshastha_Brhamin,OWN
NI31869361BB,Deshastha_Brhamin,OWN
DS77931777IT,Deshastha_Brhamin,OWN
WR11399532CJ,Deshastha_Brhamin,OWN
GK94840217WB,Deshastha_Brhamin,OWN
ZF26377710YF,Deshastha_Brhamin,OWN
CL38532087VV,Deshastha_Brhamin,OWN
DO17761810HL,Deshastha_Brhamin,OWN
FM81458644ME,Deshastha_Brhamin,OWN
FN69567768CC,Deshastha_Brhamin,OWN
YK02978994SX,Deshastha_Brhamin,OWN
VI03464128CC,Deshastha_Brhamin,OWN
SX11562423SS,Deshastha_Brhamin,OWN
GB39405857BE,Deshastha_Brhamin,OWN
GG21923041JJ,Deshastha_Brhamin,OWN
YE76037248IT,Deshastha_Brhamin,OWN
YS02803993JT,Iyengar,OWN
YZ45341572ES,Iyengar,OWN
BS96083155XW,Iyengar,OWN
IJ05273997YJ,Iyengar,OWN
VH30126883TK,Iyengar,OWN
AC71055668ZJ,Iyengar,OWN
LZ09106067VN,Iyengar,OWN
KY85843526RY,Iyengar,OWN
TC84133697TI,Iyengar,OWN
KS97393020OA,Iyengar,OWN
FW72600412UX,Iyengar,OWN
BV33714645IQ,Iyengar,OWN
LY75758597QQ,Iyengar,OWN
LX16910654CR,Iyengar,OWN
AH47666515XH,Iyengar,OWN
VH75297515RQ,Iyengar,OWN
QO15655697JL,Iyengar,OWN
RK36950201TA,Iyengar,OWN
JI40555572CO,Iyengar,OWN
GN16461077DW,Iyengar,OWN
UH22120315LU,Iyengar,OWN
OM43276521OT,Iyengar,OWN
NE95048296OA,Iyengar,OWN
RH69001715EN,Iyengar,OWN
ZR29322449IE,Iyengar,OWN
OU99265318NS,Iyengar,OWN
AV10383655DB,Iyengar,OWN
KG97754952SL,Iyengar,OWN
CA00606285XW,Iyengar,OWN
MC18257962PS,Iyengar,OWN
DW36115213RH,Iyengar,OWN
UQ31920938GU,Iyengar,OWN
TA82327071FM,Iyengar,OWN
TU47163874TT,Iyengar,OWN
SU61425354EG,Iyengar,OWN
UX63659063RP,Iyengar,OWN
RY36348756QM,Iyengar,OWN
WD84535122ID,Iyengar,OWN
AF63197856OD,Iyengar,OWN
KB55719695RC,Iyengar,OWN
TC60811821VW,Iyengar,OWN
RY90833605BR,Iyengar,OWN
TS07703820NX,Iyengar,OWN
OY66049275KE,Iyengar,OWN
VU98294790VN,Kolis,OWN
TT36988450CL,Kolis,OWN
PM76201774RR,Konkanastha_brahmin,OWN
SC54052294LH,Konkanastha_brahmin,OWN
YI69925924MD,Konkanastha_brahmin,OWN
ZL82893034PL,Konkanastha_brahmin,OWN
GH99796294BP,Konkanastha_brahmin,OWN
ZR24114063NW,Konkanastha_brahmin,OWN
FL80039533BQ,Konkanastha_brahmin,OWN
HD23178266CS,Konkanastha_brahmin,OWN
DY77948501DJ,Konkanastha_brahmin,OWN
IY87879326QZ,Konkanastha_brahmin,OWN
ZV22071718FH,Konkanastha_brahmin,OWN
ZE64515868ZA,Konkanastha_brahmin,OWN
HY69825794LZ,Konkanastha_brahmin,OWN
QP36591406GM,Konkanastha_brahmin,OWN
WR19204299NE,Konkanastha_brahmin,OWN
ZP10420518EA,Konkanastha_brahmin,OWN
PR96011222EH,Konkanastha_brahmin,OWN
AK58727042XP,Konkanastha_brahmin,OWN
XM98096193CX,Konkanastha_brahmin,OWN
FX28660880DQ,Konkanastha_brahmin,OWN
AB50933873XB,Konkanastha_brahmin,OWN
MK27915566RD,Konkanastha_brahmin,OWN
PG61315224WG,Konkanastha_brahmin,OWN
YN05041787XQ,Konkanastha_brahmin,OWN
KI94768628PU,Konkanastha_brahmin,OWN
SN97932602RL,Konkanastha_brahmin,OWN
RR50670406UH,Konkanastha_brahmin,OWN
LL14701798UV,Konkanastha_brahmin,OWN
YG27390747MM,Konkanastha_brahmin,OWN
WX97970338VA,Konkanastha_brahmin,OWN
SV58516686KU,Konkanastha_brahmin,OWN
BO83068824LK,Konkanastha_brahmin,OWN
DB87581910TB,Konkanastha_brahmin,OWN
LR14907229PM,Konkanastha_brahmin,OWN
LH91880454MU,Konkanastha_brahmin,OWN
ON33281857FM,Konkanastha_brahmin,OWN
YT57663678GN,Konkanastha_brahmin,OWN
RP91629887DD,Konkanastha_brahmin,OWN
WL92930586NJ,Konkanastha_brahmin,OWN
PP16292922XM,Konkanastha_brahmin,OWN
MX04464590NB,Konkanastha_brahmin,OWN
IR14982407CD,Konkanastha_brahmin,OWN
AO38188082VX,Konkanastha_brahmin,OWN
VJ90923600DK,Konkanastha_brahmin,OWN
KS41970796AZ,Konkanastha_brahmin,OWN
HO41840052ND,Konkanastha_brahmin,OWN
HG75994489UE,Konkanastha_brahmin,OWN
KD60253286GZ,Konkanastha_brahmin,OWN
UM43613428EH,Konkanastha_brahmin,OWN
GC54366525TG,Konkanastha_brahmin,OWN
ES66676419SE,Konkanastha_brahmin,OWN
LG63592467VS,Konkanastha_brahmin,OWN
LI78282590KY,Konkanastha_brahmin,OWN
MB13106367TX,Konkanastha_brahmin,OWN
WT22096941VB,Konkanastha_brahmin,OWN
DR08734192CN,Konkanastha_brahmin,OWN
KU14224619UR,Konkanastha_brahmin,OWN
UC59777466HT,Konkanastha_brahmin,OWN
JW05555971JC,Konkanastha_brahmin,OWN
XW75810328WC,Konkanastha_brahmin,OWN
TG68948679PD,Konkanastha_brahmin,OWN
OF82593177JX,Konkanastha_brahmin,OWN
GR38783705KU,Konkanastha_brahmin,OWN
BE94818801JQ,Konkanastha_brahmin,OWN
BL68464260XK,Konkanastha_brahmin,OWN
HN34080674UC,Konkanastha_brahmin,OWN
XM53444120OV,Konkanastha_brahmin,OWN
AM93968521ZH,Konkanastha_brahmin,OWN
CT82143394QW,Konkanastha_brahmin,OWN
UJ23371798IM,Konkanastha_brahmin,OWN
GZ59843648IL,Konkanastha_brahmin,OWN
MD82312600MT,Konkanastha_brahmin,OWN
WO69083871ZY,Konkanastha_brahmin,OWN
WM06239279KZ,Konkanastha_brahmin,OWN
AN75132382NO,Konkanastha_brahmin,OWN
RE20752960HS,Konkanastha_brahmin,OWN
KY64531707HQ,Konkanastha_brahmin,OWN
XK67139549UL,Konkanastha_brahmin,OWN
YN98892289TU,Konkanastha_brahmin,OWN
LI90519294KH,Konkanastha_brahmin,OWN
PT80473672OJ,Konkanastha_brahmin,OWN
UD28876806FC,Konkanastha_brahmin,OWN
UG41458078OI,Konkanastha_brahmin,OWN
TP85602760IL,Konkanastha_brahmin,OWN
WU13968374SB,Konkanastha_brahmin,OWN
KA04181935DW,Konkanastha_brahmin,OWN
JU53677774LC,Konkanastha_brahmin,OWN
BG94567778KI,Konkanastha_brahmin,OWN
WS12737183RW,Konkanastha_brahmin,OWN
CK53019231XV,Konkanastha_brahmin,OWN
XQ52351022QE,Lingayath,OWN
AP80390654LY,Lingayath,OWN
XM37757016QC,Lingayath,OWN
SM13761405GR,Lingayath,OWN
PZ59549196IK,Lingayath,OWN
GY43210242LL,Lingayath,OWN
XB21438049LT,Lingayath,OWN
VM45784586KF,Lingayath,OWN
YZ29752181KV,Lingayath,OWN
KL32579778ZB,Lingayath,OWN
EH89460177BF,Lingayath,OWN
MV66146672MS,Lingayath,OWN
YV81528226YV,Lingayath,OWN
XQ16001838LH,Lingayath,OWN
CD55414574EX,Lingayath,OWN
OF00855956NL,Lingayath,OWN
IO61201667WJ,Lingayath,OWN
QD03551802QN,Lingayath,OWN
JH00627729YU,Lingayath,OWN
TD84484263PB,Lingayath,OWN
RL23602296BV,Lingayath,OWN
AP90728032PJ,Lingayath,OWN
PE09406827LL,Lingayath,OWN
XF75643780TS,Lingayath,OWN
DK16135566KH,Lingayath,OWN
LF56229718BI,Lingayath,OWN
RB48120856OP,Lingayath,OWN
BC75395986WW,Lingayath,OWN
YF88135819PE,Lingayath,OWN
GO21535887YD,Lingayath,OWN
AI48666154FI,Lingayath,OWN
EF38030152IF,Lingayath,OWN
CF64083090AT,Lingayath,OWN
SK60405015AW,Lingayath,OWN
DW47127069GJ,Lingayath,OWN
JE75083164IW,Lingayath,OWN
DQ07694203QF,Lingayath,OWN
FW73030389WS,Lingayath,OWN
SP14135442FK,Lingayath,OWN
QB65016212DC,Lingayath,OWN
XB66961259OP,Lingayath,OWN
NG95243559BK,Lingayath,OWN
YI25515529IZ,Lingayath,OWN
TM09997886PF,Lingayath,OWN
FR22774536RY,Lingayath,OWN
HH88636078UU,Lingayath,OWN
OY35745388VD,Lingayath,OWN
RY52894485ZW,Lingayath,OWN
TL81083179FH,Lingayath,OWN
DP74334453SR,Lingayath,OWN
IF36247214GE,Lingayath,OWN
EF78732558OQ,Lingayath,OWN
QA73327284KV,Lingayath,OWN
IM57308782MI,Lingayath,OWN
EV87625797UR,Lingayath,OWN
PC29379960WE,Lingayath,OWN
LQ38922262DM,Lingayath,OWN
EM56995104OE,Lingayath,OWN
YC36885666VJ,Lingayath,OWN
MW73870759EX,Lingayath,OWN
UE35437165PZ,Lingayath,OWN
BA55393553SF,Lingayath,OWN
LT44827937GE,Lingayath,OWN
FN49692700WK,Lingayath,OWN
FV82053430RO,Lingayath,OWN
ZH24702510XR,Lingayath,OWN
ST38527580GT,Lingayath,OWN
FR75121099KH,Lingayath,OWN
YQ40981423OI,Lingayath,OWN
BQ16598604LL,Lingayath,OWN
MD69307826XR,Lingayath,OWN
JR71317803WO,Lingayath,OWN
GS43892794OH,Lingayath,OWN
LI14369587PG,Lingayath,OWN
XF95755549JT,Lingayath,OWN
NC65230273ZD,Lingayath,OWN
NN13880830SK,Lingayath,OWN
VU22538908ZE,Lingayath,OWN
PE39843305MH,Lingayath,OWN
FH57834397RP,Lingayath,OWN
JQ10031379OS,Lingayath,OWN
ZO60252336HS,Lingayath,OWN
QT96983202ZJ,Lingayath,OWN
NK65886839VP,Lingayath,OWN
XZ69997293NC,Lingayath,OWN
XL59121569DH,Lingayath,OWN
CI78954298XV,Lingayath,OWN
UX71261953IK,Lingayath,OWN
CG66340654YE,Lingayath,OWN
TY34806522LC,Lingayath,OWN
EM11777499BJ,Lingayath,OWN
TF00404010ZX,Lingayath,OWN
YG85696936FM,Lingayath,OWN
HQ46965046IO,Lingayath,OWN
TR85989270ZT,Lingayath,OWN
UT07384115JZ,Lingayath,OWN
GK26843201CY,Lingayath,OWN
YU40218314CB,Lingayath,OWN
AU31788678DR,Lingayath,OWN
JZ03054876KS,Lingayath,OWN
XW86373016PC,Lingayath,OWN
HV75206968EO,Lingayath,OWN
VJ41788026LO,Lingayath,OWN
EY63422801OJ,Lingayath,OWN
BJ04820102CR,Lingayath,OWN
WD76486541WL,Lingayath,OWN
LU03246885SF,Lingayath,OWN
DP64594395TQ,Lingayath,OWN
BU40927333MA,Lingayath,OWN
QL97386405SU,Lingayath,OWN
XG20868807VJ,Lingayath,OWN
CD47796606GL,Lingayath,OWN
LZ21600903NV,Lingayath,OWN
DD99223972UI,Lingayath,OWN
FL00520346AP,Lingayath,OWN
LN59529473JO,Lingayath,OWN
MW30191211KA,Lingayath,OWN
JN40973166WN,Lingayath,OWN
NQ83636931EP,Lingayath,OWN
IN02278231AY,Lingayath,OWN
RO40197336NP,Lingayath,OWN
MS39127693EC,Lingayath,OWN
YS27921755YA,Lingayath,OWN
UL12891912JW,Lingayath,OWN
QS80130387AY,Lingayath,OWN
JA70349729KJ,Lingayath,OWN
WL28706399LR,Lingayath,OWN
RF01544839EF,Lingayath,OWN
WS29363356OR,Lingayath,OWN
BQ98329833PP,Lingayath,OWN
HX52133445AY,Lingayath,OWN
HW99164842WY,Lingayath,OWN
RJ07033490OG,Lingayath,OWN
MZ68079760KO,Lingayath,OWN
NJ77233915BC,Lingayath,OWN
RY69502353MA,Lingayath,OWN
HW41305925QB,Lingayath,OWN
ET20465052SL,Lingayath,OWN
AP78610248MA,Lingayath,OWN
PF79636594TA,Lingayath,OWN
LA84029268DH,Lingayath,OWN
NL69161005CM,Lingayath,OWN
HE71777732AJ,Lingayath,OWN
ON26135921ST,Lingayath,OWN
RN86976553CM,Lingayath,OWN
TU21775372MJ,Lingayath,OWN
DA61144137XC,Lingayath,OWN
BG40001974QK,Lingayath,OWN
SU89216117HU,Lingayath,OWN
NA41265772DM,Lingayath,OWN
PQ62875587CQ,Marathas,OWN
NW05051860OH,Marathas,OWN
YW93107981HU,Marathas,OWN
WS77888348MP,Marathas,OWN
LS69098522OQ,Marathas,OWN
AH62366441ID,Marathas,OWN
UY45190344GO,Marathas,OWN
PT86095697UE,Marathas,OWN
NB19618649QW,Marathas,OWN
XK04749523AF,Marathas,OWN
BX46297691GF,Marathas,OWN
GZ40194812QU,Marathas,OWN
VJ69487348MH,Marathas,OWN
MB67710844XY,Marathas,OWN
MG14330043VN,Marathas,OWN
BU21772464ER,Marathas,OWN
RI03599261GQ,Marathas,OWN
TA09226067JC,Marathas,OWN
MT14452524QU,Marathas,OWN
SY53932186FY,Marathas,OWN
XJ43060135AZ,Marathas,OWN
EO32244861NW,Marathas,OWN
MN56355232QC,Marathas,OWN
KR37563051FT,Marathas,OWN
PQ48873725NU,Marathas,OWN
ZC21646831VI,Marathas,OWN
WK24360377KT,Marathas,OWN
XB11265041BD,Marathas,OWN
ND64543135FC,Marathas,OWN
PZ74132235VW,Marathas,OWN
IA89115510UN,Marathas,OWN
LF69267759BQ,Marathas,OWN
AK47340431VP,Marathas,OWN
BQ01018285SK,Marathas,OWN
CJ73796149WE,Marathas,OWN
JI38804982AV,Marathas,OWN
OF50130658GL,Marathas,OWN
MA48339616FS,Marathas,OWN
LI25822952VV,Marathas,OWN
KA35173700GX,Marathas,OWN
UC56281323NV,Marathas,OWN
GZ64942152HO,Marathas,OWN
NC79884488GL,Marathas,OWN
LP81715845LN,Marathas,OWN
EF98845444TI,Marathas,OWN
FC62551851JW,Marathas,OWN
SR69492833CB,Marathas,OWN
IU52831498FE,Marathas,OWN
XG97709620KS,Marathas,OWN
PK99311434SG,Marathas,OWN
ZC95193889PZ,Marathas,OWN
KB48046645PJ,Marathas,OWN
SM78715987VD,Marathas,OWN
CS83224391JG,Marathas,OWN
XR92627141AU,Marathas,OWN
AQ36634093FD,Marathas,OWN
UW73848945GN,Marathas,OWN
ID72283249BG,Marathas,OWN
RQ13778347JA,Marathas,OWN
RL92272911LV,Marathas,OWN
LO51039620XK,Marathas,OWN
GX53624698GP,Marathas,OWN
EC41924341LE,Marathas,OWN
OM67187535NH,Marathas,OWN
RF15451154YO,Marathas,OWN
OI55685039UR,Marathas,OWN
VP19727960ZI,Marathas,OWN
MZ23281709NC,Marathas,OWN
YB36341866ND,Marathas,OWN
QT64358659IE,Marathas,OWN
UX33238585PE,Marathas,OWN
ZB13153795PI,Marathas,OWN
RT66869081ST,Marathas,OWN
CK46261827DQ,Marathas,OWN
VS82783149DG,Marathas,OWN
MD56605905JK,Marathas,OWN
OX56248718VM,Marathas,OWN
MU55523794HS,Marathas,OWN
XF95755011HU,Marathas,OWN
VY75145132BT,Marathas,OWN
GN40081785QM,Marathas,OWN
CE71972424WR,Marathas,OWN
EK07301739MY,Marathas,OWN
JL67430611FY,Marathas,OWN
YZ73766988JP,Marathas,OWN
JQ23120108ZF,Marathas,OWN
RH13423462DH,Marathas,OWN
BY26473653VZ,Marathas,OWN
NF56464864AB,Marathas,OWN
CF36191662BZ,Marathas,OWN
YL28449551LR,Marathas,OWN
DZ99586549UV,Marathas,OWN
JJ81321431RJ,Marathas,OWN
CV47767052DX,Marathas,OWN
IK14956175EN,Marathas,OWN
HC30894865ER,Marathas,OWN
LO67823867FD,Marathas,OWN
MA18839790PH,Marathas,OWN
TL84676361UK,Marathas,OWN
KJ06609021FT,Marathas,OWN
YI14571541VJ,Marathas,OWN
RU16765857DS,Marathas,OWN
VO33493145AZ,Marathas,OWN
TM94028490FC,Marathas,OWN
LK80307362YV,Marathas,OWN
VY69644870YV,Marathas,OWN
PU61548968LM,Marathas,OWN
XM24961984PA,Marathas,OWN
FY75120366DN,Marathas,OWN
CU32731851AJ,Marathas,OWN
GF26486096EX,Marathas,OWN
KZ11361817UR,Marathas,OWN
DH26569815AY,Marathas,OWN
KX81886336GA,Marathas,OWN
BF57792072QQ,Marathas,OWN
IZ74266923IM,Marathas,OWN
UL82234867YA,Marathas,OWN
XV29853222OS,Marathas,OWN
LA34483910YB,Marathas,OWN
XW54113424KV,Marathas,OWN
KG58017666WN,Marathas,OWN
JY60115883NF,Marathas,OWN
MQ62488524LU,Nadar,OWN
FM25746693CO,Nadar,OWN
QL95496522AV,Nadar,OWN
MN71956156TD,Nadar,OWN
SI47956730PJ,Nadar,OWN
GL52426633RR,Nadar,OWN
KI63639015MK,Nadar,OWN
GU91513196MD,Nadar,OWN
ZK88790641BM,Nadar,OWN
DD24254793QA,Nadar,OWN
TQ52117670QQ,Nadar,OWN
PH33227146TP,Nadar,OWN
OL83407929VN,Nadar,OWN
KQ96418158UI,Nadar,OWN
GG60439472BM,Nadar,OWN
IF15488163OA,Nadar,OWN
UY69539831VT,Nadar,OWN
VO81976767VO,Nadar,OWN
EV62460025GA,Nadar,OWN
AK39050027QU,Nadar,OWN
XP84840790HG,Nadar,OWN
HG26607815XF,Nadar,OWN
EA52384457JT,Nadar,OWN
GD85636482AO,Nadar,OWN
EJ24277725QD,Nadar,OWN
AH22421632HQ,Nadar,OWN
FI98508394PJ,Nadar,OWN
AP97317807JI,Nadar,OWN
XZ88414952BL,Nadar,OWN
EN53032386LR,Nadar,OWN
EJ05514844PR,Nadar,OWN
BD25371051LN,Nadar,OWN
WP81392847JE,Nadar,OWN
YJ82809910TG,Nadar,OWN
JC37376184SR,Naidu,OWN
TK79365695JV,Naidu,OWN
EV95154974JR,Naidu,OWN
LG54497429BX,Naidu,OWN
BE67581379FL,Naidu,OWN
FU46203636UW,Naidu,OWN
JY85544178VN,Naidu,OWN
SZ81258405EE,Naidu,OWN
PK43449968RK,Naidu,OWN
AZ27757582TJ,Naidu,OWN
ZX01134917XO,Naidu,OWN
WX96104293LV,Naidu,OWN
GH56292722GY,Naidu,OWN
PN68127469DQ,Naidu,OWN
AR11788067XI,Naidu,OWN
SR97330366CN,Naidu,OWN
EY39083121PP,Naidu,OWN
ER33878125QG,Naidu,OWN
OF05520715FG,Naidu,OWN
BE95662803SD,Naidu,OWN
RX71368428LO,Naidu,OWN
DX79473110BA,Naidu,OWN
NE65907641MS,Naidu,OWN
UW06258536KP,Naidu,OWN
KQ65753442SR,Naidu,OWN
WE94864234ID,Naidu,OWN
RZ29546123PR,Naidu,OWN
CI28596273KZ,Naidu,OWN
VH30620374TR,Naidu,OWN
AG47126311ET,Naidu,OWN
BW99652466UR,Namboodari,OWN
LC61099158FW,Namboodari,OWN
UT34882416IT,Namboodari,OWN
WM70521843ZM,Namboodari,OWN
GS96580836TD,Namboodari,OWN
NZ04501586LT,Namboodari,OWN
PF35174249MZ,Namboodari,OWN
IR83020022OF,Namboodari,OWN
XJ89021558GR,Namboodari,OWN
RG20919958II,Namboodari,OWN
KE87832348TG,Namboodari,OWN
FC27172411YO,Namboodari,OWN
OY75535046QC,Namboodari,OWN
IN10941861NR,Namboodari,OWN
XT25423173CF,Namboodari,OWN
GZ66664517OY,Namboodari,OWN
EH12311503AE,Namboodari,OWN
KS00867379XN,Namboodari,OWN
JT49282634UE,Namboodari,OWN
JO11122149JD,Namboodari,OWN
KK49317404GG,Namboodari,OWN
ON73354367AJ,Namboodari,OWN
AF24989915KU,Namboodari,OWN
GC79998045YN,Namboodari,OWN
BT72301053MN,Namboodari,OWN
JJ53393955HT,Namboodari,OWN
IS68512363AV,Namboodari,OWN
GV09742407AL,Namboodari,OWN
TD49431426TI,Namboodari,OWN
CZ50535924OU,Namboodari,OWN
YP48555840FJ,Namboodari,OWN
AY18756053TA,Namboodari,OWN
US56778814VD,Namboodari,OWN
JL29277214BZ,Namboodari,OWN
YJ01710507JF,Namboodari,OWN
CL99276491TS,Namboodari,OWN
XM38421192LQ,Namboodari,OWN
KH64072500SO,Namboodari,OWN
GZ55937628UE,Namboodari,OWN
AO24226398ZH,Namboodari,OWN
VP43213271PL,Namboodari,OWN
PN42110534WN,Namboodari,OWN
VP78032242CW,Namboodari,OWN
RM21699348ZZ,Namboodari,OWN
OZ44462533DO,Namboodari,OWN
KA01332304UA,Namboodari,OWN
RH55222920ND,Namboodari,OWN
SQ87783648UE,Namboodari,OWN
HP43093993KX,Namboodari,OWN
YE13211925BS,Namboodari,OWN
KT03342764RZ,Namboodari,OWN
BD57406706AU,Namboodari,OWN
ET12150407PS,Namboodari,OWN
HP25035211OO,Namboodari,OWN
MR23468832JH,Namboodari,OWN
UF80146769FW,Namboodari,OWN
KJ75912698TY,Namboodari,OWN
KK25215515MA,Namboodari,OWN
YU25451415VD,Namboodari,OWN
SK30187274TO,Namboodari,OWN
CT01173452CV,Namboodari,OWN
FK70442794VS,Namboodari,OWN
JF20100422SF,Namboodari,OWN
YM86337100XO,Namboodari,OWN
BJ75777604RF,Namboodari,OWN
NW61299059CU,Namboodari,OWN
AL93703518IV,Namboodari,OWN
SN97425258QQ,Namboodari,OWN
RR93215834UL,Namboodari,OWN
RL08936333WX,Namboodari,OWN
FH32759997QY,Namboodari,OWN
GA77130444PX,Namboodari,OWN
JC69366033HV,Namboodari,OWN
XT35582116RN,Namboodari,OWN
AV82002845UH,Namboodari,OWN
NC79420906AU,Namboodari,OWN
KL51615363ZH,Namboodari,OWN
SF21186893HM,Namboodari,OWN
BF75196562TJ,Namboodari,OWN
DV68428312HH,Namboodari,OWN
LV13978301PY,Namboodari,OWN
CP77211445QZ,Namboodari,OWN
XG81532458JZ,Namboodari,OWN
UI65570218KW,Namboodari,OWN
ZR98622134TT,Namboodari,OWN
II53194448SC,Namboodari,OWN
XF22806157KA,Namboodari,OWN
MM68010107ZZ,Namboodari,OWN
CN12442378AI,Namboodari,OWN
HJ64984731AC,Namboodari,OWN
XW45227543BI,Namboodari,OWN
EO87741077OF,Namboodari,OWN
TB02475131HQ,Namboodari,OWN
KI08579972CD,Namboodari,OWN
EX04128819KG,Namboodari,OWN
PJ27400327FI,Namboodari,OWN
PE84152034ZI,Namboodari,OWN
KL05542034OQ,Namboodari,OWN
EV52267074OX,Namboodari,OWN
ZN39288336ZM,Namboodari,OWN
XF10726105WV,Namboodari,OWN
CD09016655ZS,Namboodari,OWN
OD05455767HY,Namboodari,OWN
KQ11848592SE,Namboodari,OWN
TD51731318EE,Namboodari,OWN
MH80488316YI,Namboodari,OWN
SJ70135352JS,Namboodari,OWN
XR10232780CN,Namboodari,OWN
VI14660784AA,Namboodari,OWN
NX62920324VV,Namboodari,OWN
LA96737688JP,Namboodari,OWN
PX06015001ZP,Namboodari,OWN
SR68296484JI,Namboodari,OWN
HP22209838TB,Namboodari,OWN
ZK82059954DJ,Parayan,OWN
ZW76282771HC,Parayan,OWN
ZE51025685BD,Parayan,OWN
IQ87995951UT,Parayan,OWN
SF36163567UQ,Parayan,OWN
EU93294564UB,Parayan,OWN
KS58843153SS,Parayan,OWN
OL99558415DG,Parayan,OWN
UJ06807974MR,Parayan,OWN
CO09514616GD,Parayan,OWN
LE43068409OV,Parayan,OWN
VQ55473628FS,Parayan,OWN
JR37969968ZH,Parayan,OWN
NE88590630PA,Parayan,OWN
DN37282023HT,Parayan,OWN
JQ64991236JK,Parayan,OWN
HT62491074LN,Parayan,OWN
CE04561313RS,Parayan,OWN
KA13936361FK,Parayan,OWN
SK66587856KM,Parayan,OWN
HX81233310SO,Parayan,OWN
SS02966466OZ,Parayan,OWN
CS32510290QQ,Parayan,OWN
TU58701876ZO,Parayan,OWN
XN18203666CG,Parayan,OWN
UO64783538DP,Parayan,OWN
VO24895928OD,Parayan,OWN
RN42305096QH,Parayan,OWN
ZS80157882JW,Parayan,OWN
AS28626594OV,Parayan,OWN
MI65845879AA,Parayan,OWN
RQ21056757EX,Parayan,OWN
YB00307501SM,Parayan,OWN
WQ96763033AV,Parayan,OWN
AX89945714NX,Parayan,OWN
AJ10578225IO,Parayan,OWN
XC55957185OQ,Parayan,OWN
GL19802474XJ,Parayan,OWN
TT05175528UJ_2,Vakkaliga,OWN
KT65127328YB_2,Vakkaliga,OWN
LO90908828BA_3,Vakkaliga,OWN
LP00172413DM_3,Vakkaliga,OWN
QM82400776AQ_2,Vakkaliga,OWN
ND96372341SN_1,Vakkaliga,OWN
XN06968311YG_2,Vakkaliga,OWN
VQ91204487YQ_3,Vakkaliga,OWN
QH73524671QU_2,Vakkaliga,OWN
WY55755517WS,Vakkaliga,OWN
PR40044209PS_2,Vakkaliga,OWN
MM37745591JY_1,Vakkaliga,OWN
WF20055574NE,Vakkaliga,OWN
ZY74816719XC,Vakkaliga,OWN
KQ52220437JP,Vakkaliga,OWN
TY80822165NS,Vakkaliga,OWN
ZT56269966DW,Vakkaliga,OWN
UI60773293YX,Vakkaliga,OWN
NX73325268BM,Vakkaliga,OWN
VE87413525VC,Vakkaliga,OWN
YO73848072JA,Vakkaliga,OWN
BQ86563254LK,Vakkaliga,OWN
NU48013841SB,Vakkaliga,OWN
BP01211741ZI,Vakkaliga,OWN
VM90532963KB,Vakkaliga,OWN
LW57339695QH,Vakkaliga,OWN
VI04274863JI,Vakkaliga,OWN
QJ73667419BH,Vakkaliga,OWN
IY81853252RB,Vakkaliga,OWN
GJ59924143VB,Vakkaliga,OWN
DJ34474159JX,Vakkaliga,OWN
EH55040755ZA,Vakkaliga,OWN
OV36311750XP,Vakkaliga,OWN
JJ72573555QV,Vakkaliga,OWN
OJ73016143AL,Vakkaliga,OWN
NX29880377PA,Vakkaliga,OWN
IY58206353VX,Vakkaliga,OWN
RZ16933068RK,Vakkaliga,OWN
DE61809527AB,Vakkaliga,OWN
CR74878778DC,Vakkaliga,OWN
JM35369404GL,Vakkaliga,OWN
XL81602075FW,Vakkaliga,OWN
BY22592941YP,Vakkaliga,OWN
MJ03031445UF,Vakkaliga,OWN
SA80502927SZ,Vakkaliga,OWN
HI94204627SZ,Vakkaliga,OWN
BA64721511IP,Vakkaliga,OWN
OB00351147ES,Vakkaliga,OWN
BW07892840IJ,Vakkaliga,OWN
YS50459756HO,Vakkaliga,OWN
QV22237961MW,Vakkaliga,OWN
IV77596418GF,Vakkaliga,OWN
WZ78202012VX,Vakkaliga,OWN
ZY78753871DA,Vakkaliga,OWN
TS16722823NN,Vakkaliga,OWN
TX36219618ZK,Vakkaliga,OWN
VN26384815QP,Vakkaliga,OWN
OB93365676BU,Vakkaliga,OWN
YT92678094KL,Vakkaliga,OWN
UL46214445BH,Vakkaliga,OWN
HC78543867NW,Vakkaliga,OWN
MN08704946JS,Vakkaliga,OWN
JI83539241RS,Vakkaliga,OWN
IB58247879EC,Vakkaliga,OWN
ZP83284069VI,Vakkaliga,OWN
GY72464273EU,Vakkaliga,OWN
EM65903187YF,Vakkaliga,OWN
ZL48215333EK,Vakkaliga,OWN
PF37211037UT,Vakkaliga,OWN
EN66061192QO,Vakkaliga,OWN
QU48202750II,Vakkaliga,OWN
ZJ87417458RZ,Vakkaliga,OWN
LH83617823LK,Vakkaliga,OWN
WC35328978RK,Vakkaliga,OWN
NK45478791WW,Vakkaliga,OWN
FA13669567PR,Vakkaliga,OWN
YP07617229PA,Vakkaliga,OWN
ZV59670964JF,Vakkaliga,OWN
FU22734152DT,Vakkaliga,OWN
CD69402370XV,Vakkaliga,OWN
VH09331834BI,Vakkaliga,OWN
YI63448392GU,Vakkaliga,OWN
EJ94261806FL,Vakkaliga,OWN
LA33413910XN,Vakkaliga,OWN
MF60650024OK,Vakkaliga,OWN
VR09382245ZI,Vakkaliga,OWN
YE51603054HC,Vakkaliga,OWN
HU64732574ON,Vakkaliga,OWN
GX14013836KJ,Vakkaliga,OWN
EI69192677TQ,Vakkaliga,OWN
JE31343462ZB,Vakkaliga,OWN
NJ82804862AX,Vakkaliga,OWN
MP30678853UC,Vidiki_Brhamin,OWN
QA94792704UU,Vidiki_Brhamin,OWN
SJ61479105JQ,Vidiki_Brhamin,OWN
YS36937050EX,Vidiki_Brhamin,OWN
SI60273769TE,Vidiki_Brhamin,OWN
XP01850418PA,Vidiki_Brhamin,OWN
HZ86609999TP,Vidiki_Brhamin,OWN
LP71029917QB,Vidiki_Brhamin,OWN
OP58712639RH,Vidiki_Brhamin,OWN
VA31765823XS,Vidiki_Brhamin,OWN
WG44553953HA,Vidiki_Brhamin,OWN
MX19263487JJ,Vidiki_Brhamin,OWN
EE05809270IP,Vidiki_Brhamin,OWN
TJ35852086ER,Vidiki_Brhamin,OWN
ZY01600409TK,Vidiki_Brhamin,OWN
FT25196353VC,Vidiki_Brhamin,OWN
GI59539185MY,Vidiki_Brhamin,OWN
WI40200070SP,Vidiki_Brhamin,OWN
WI13486005QU,Vidiki_Brhamin,OWN
TZ32164862ZU,Vidiki_Brhamin,OWN
UX12624154ZX,Vidiki_Brhamin,OWN
HQ37337389ZK,Vidiki_Brhamin,OWN
DK96634166TZ,Vidiki_Brhamin,OWN
SY55771081WH,Vidiki_Brhamin,OWN
FW53392336MW,Vidiki_Brhamin,OWN
CY62818427WB,Vidiki_Brhamin,OWN
ZF91785931MX,Vidiki_Brhamin,OWN
QK60733350QX,Vidiki_Brhamin,OWN
EY38774051QV,Vidiki_Brhamin,OWN
SB29215325GJ,Vidiki_Brhamin,OWN
WW40904891BD,Vidiki_Brhamin,OWN
GR56134245CK,Vidiki_Brhamin,OWN
EB43632734UZ,Vidiki_Brhamin,OWN
MB76512786UE,Vidiki_Brhamin,OWN
NL04774691HR,Vidiki_Brhamin,OWN
OG63358789II,Vidiki_Brhamin,OWN
OG63627033GI,Vidiki_Brhamin,OWN
IN83989162FI,Vidiki_Brhamin,OWN
SB49238874FH,Vidiki_Brhamin,OWN
XL76869706UW,Vidiki_Brhamin,OWN
UO27808416OD,Vidiki_Brhamin,OWN
EU52540726HI,Vidiki_Brhamin,OWN
HV22890575CL,Vidiki_Brhamin,OWN
RD96408178FJ,Vidiki_Brhamin,OWN
CV08293309SE,Vidiki_Brhamin,OWN
GE18750617IV,Vidiki_Brhamin,OWN
SI77223055FT,Vidiki_Brhamin,OWN
AB57661621WT,Vidiki_Brhamin,OWN
VP75263360HX,Vidiki_Brhamin,OWN
OU11164407VE,Vidiki_Brhamin,OWN
PF58882850ND,Vidiki_Brhamin,OWN
JS19654671TT,Vidiki_Brhamin,OWN
GB63030431GN,Vidiki_Brhamin,OWN
XN30268958ZB,Vidiki_Brhamin,OWN
MM21786567CG,Vidiki_Brhamin,OWN
WA64006715MH,Vidiki_Brhamin,OWN
RN63416710PF,Vidiki_Brhamin,OWN
NB10935185HO,Vidiki_Brhamin,OWN
QG80732880IQ,Vidiki_Brhamin,OWN
VY65262807IU,Vidiki_Brhamin,OWN
AS70370227RY,Vidiki_Brhamin,OWN
FO41264564NN,Vidiki_Brhamin,OWN
RR04878973UY,Vidiki_Brhamin,OWN
GF40448547SN,Vidiki_Brhamin,OWN
GY38952935GB,Vidiki_Brhamin,OWN
KD17153788EG,Vidiki_Brhamin,OWN
GT55274525FG,Vidiki_Brhamin,OWN
FR83223598GN,Vidiki_Brhamin,OWN
OL87327324FE,Vidiki_Brhamin,OWN
LB73228096HG,Vidiki_Brhamin,OWN
JW42604040VT,Vidiki_Brhamin,OWN
DS10018985PP,Vidiki_Brhamin,OWN
DY88560077LY,Vidiki_Brhamin,OWN
BN09654746EZ,Vidiki_Brhamin,OWN
BV98117740PL,Vidiki_Brhamin,OWN
FP50178747CB,Vidiki_Brhamin,OWN
PD68927585OO,Vidiki_Brhamin,OWN
AF23275975WF,Vidiki_Brhamin,OWN
PT55665098QN,Vidiki_Brhamin,OWN
ND26640874PP,Vidiki_Brhamin,OWN
NB31406995DF_2,Unkown,OWN
DV04839813AV_2,Unkown,OWN
VH64473270CW_3,Unkown,OWN
YO21520014QH_3,Unkown,OWN
JE71938789TK_2,Unkown,OWN
CA47288118PL_2,Unkown,OWN
SL75456410UK_2,Unkown,OWN
QR08959448MP,Unkown,OWN
NN79734642ZI_2,Unkown,OWN
BB40667654CT_2,Unkown,OWN
VL03952892JB,Unkown,OWN
SL64556688FN_2,Unkown,OWN
RK89506648VG,Unkown,OWN
ZS60120526WZ_2,Unkown,OWN
SA88580934PH,Unkown,OWN
PD94330428IK,Unkown,OWN
KC9476904OG,Unkown,OWN
SV91455887NL,Unkown,OWN
IN37819078ST,Unkown,OWN
SP37917588FN_3,Unkown,OWN
BP89773041JP_1,Unkown,OWN
UU07705781VV_1,Unkown,OWN
HI38156040EC_1,Unkown,OWN
PY84122778HR,Unkown,OWN
IS56252073XV_2,Unkown,OWN
